Admin,Year,Individual/Company,Industry,Nationality,US/0-US,Penalty,Sanctions Regime,Tag,Voluntary Disclosure?,Egregious Case?,# of violations,Violation Date(s),Announcement Date,Countries Involved,SDN Individual or Entity?,Subsidiary?,Successor Liability,Item(s) Exported/ Other Violations,Value of Items/ Transactions,Items Eligble for License?
Biden,2022,"Murad, LLC",Cosmetics,U.S.,U.S.,"$3,509,286",Iran Transactions & Sanctions Regulations,ITSR,Yes,Yes,62,,5/17/2023,,,,,,,
Biden,2023,"Poloniex, LLC",,,Foreign,"$7,591,630 ","EO13685 (UA), CACR, ITSR, SSR, SySR","EO13685 (UA), CACR, ITSR, SSR, SySR",Yes,No,"65,942",January 2014 and November 2019,,,,,,,,
Biden,2023,British American Tobacco p.l.c.,Tobacco,UK,Foreign,"$508,612,492 ","WMDPSR, NKSR","WMDPSR, NKSR",No,Yes,15,"August 11, 2009 and October 11, 2016",,,,,,,,
Biden,2023,British American Tobacco p.l.c.,Tobacco,UK,Foreign,"$5,348,685","WMDPSR, NKSR","WMDPSR, NKSR",No,Yes,15,,,,,,,,,
Biden,2023,Microsoft Corporation,ICT,U.S.,U.S.,"$2,298,027 ","CACR, ITSR, SySR, URSR","CACR, ITSR, SySR, URSR",Yes,No,"1,339",July 2012 and April 2019,,,,,,,,
Biden,2023,Uphold HQ Inc.,Financial,U.S.,U.S.,"$72,230 ","VSR, EO 13884","VSR, EO 13885",Yes,No,152,"March 2017 and May 2022,",,,,,,,,
Biden,2023,"Wells Fargo Bank, N.A.",Financial,U.S.,U.S.,"$30,000,000 ","ITSR, SSR, SySR","ITSR, SSR, SySR",No,Yes,124,"December 27, 2010 and December 7, 2015",,,,,,,,
Biden,2023,Godfrey Phillips India Limited,Tobacco,India,Foreign,"$332,500 ",Countering America's Adversaries Through Sanctions Act (CAATSA),CAATSA,Yes,No,5,27-Nov-17,,,,,,,,
Biden,2022,"Bittrex, Inc. ",Financial,U.S.,U.S.,"$24,280,829","Executive Order 13685 of December 19, 2014, “Blocking Property of Certain Persons and 
Prohibiting Certain Transactions with Respect to the Crimea Region of Ukraine”; 321 apparent 
violations of the Cuban Assets Control Regulations, 31 C.F.R. §515.201; 94,634 apparent 
violations of the Iranian Transactions and Sanctions Regulations, 31 C.F.R. §560.204; 222 
apparent violations of the now-repealed Sudanese Sanctions Regulations (SSR), 31 C.F.R. 
§538.205;1
 and 7,999 apparent violations of the Syrian Sanctions Regulations","CACR, SSR, SySR, ITSR, EO13682",NO,NO,"116,421"," March 28, 2014 and December 31, 2017",10/11/2022,,,,,,,
Biden,2022,"Tango Card, Inc.",Financial,U.S.,U.S.,"$116,049","Cuban 
Assets Control Regulations (CACR), 31 C.F.R. part 515; § 560.204 of the Iranian Transactions and 
Sanctions Regulations (ITSR), 31 C.F.R. part 560; § 542.207 of the Syrian Sanctions Regulations 
(SSR), 31 C.F.R. part 542; § 510.206 of the North Korea Sanctions Regulations (NKSR), 31 C.F.R. 
part 510; and Executive Order (E.O.) 13685, “Blocking Property of Certain Persons and Prohibiting 
Certain Transactions with Respect to the Crimea Region of Ukraine”","CACR, SSR, SySR, ITSR, EO13683",YES,NO,"27,720",,9/30/2022,,,,,gift card credits,,
Biden,2022,CFM Indonsuez Wealth,Financial,Monaco,Foreign,"$401,039","Cuban 
Assets Control Regulations (CACR), 31 C.F.R. part 515; § 560.204 of the Iranian Transactions and 
Sanctions Regulations (ITSR), 31 C.F.R. part 560; § 542.207 of the Syrian Sanctions Regulations 
(SSR), 31 C.F.R. part 542; § 510.206 of the North Korea Sanctions Regulations (NKSR), 31 C.F.R. 
part 510; and Executive Order (E.O.) 13685, “Blocking Property of Certain Persons and Prohibiting 
Certain Transactions with Respect to the Crimea Region of Ukraine”","CACR, SSR, SySR, ITSR, EO13684",YES,NO,410,"December 
2011 until July 2016,",9/26/2022,,,,,,,
Biden,2022,CA Indosuez Switzerland,Financial,Switzerland,Foreign,"$720,258","Cuban Assets Control Regulations, 31 C.F.R. § 515.201, Section 1(a)(iii) of Executive Order 
13685 of December 19, 2014, “Blocking Property of Certain Persons and Prohibiting Certain 
Transactions With Respect to the Crimea Region of Ukraine,” the Iranian Transactions and 
Sanctions Regulations, 31 C.F.R. §§ 560.203 and 204, the Sudanese Sanctions Regulations, 31 
C.F.R. § 538.205,2 and the Syrian Sanctions Regulations, 31 CFR § 542.207","CACR, SSR, SySR, ITSR, EO13685",YES,NO,240,,9/26/2022,,,YES,,,,
Biden,2022,MidFirst Bank,Financial,U.S.,U.S.,NA,"Weapons of Mass 
Destruction Proliferators Sanctions Regulations ",(WMDPSR),,,34,,7/21/2022,,,,,,,
Biden,2022,American Express National Bank,Financial,U.S.,U.S.,"$430,500","Foreign Narcotics Kingpin Sanctions 
Regulations",FNKSR,NO,NO,214,,7/15/2022,,,,,financial transactions,,
Biden,2022,Banco Popular de Puerto Rico,Financial,U.S.,U.S.,"$255,937",Venezuela Sanctions Regulations,VSR,YES,NO,337,,5/27/2022,,,,,banking services,,
Biden,2022,Toll Holdings Limited,Logistics,Australia,Foreign,"$6,131,855","North Korea Sanctions Regulations, 31 C.F.R. part 510; § 542.205 of the
Syrian Sanctions Regulations, 31 C.F.R. part 542; § 560.203 of the Iranian Transactions and 
Sanctions Regulations, 31 C.F.R. part 560; § 544.201 of the Weapons of Mass Destruction 
Proliferators Sanctions Regulations, 31 C.F.R. part 544; and § 594.201 of the Global Terrorism 
Sanctions Regulations,","WMDPSR, SySR, ITSR, GTSR",YES,NO,"2,985",,4/25/2022,,,,,shipping transaction violations,,
Biden,2022,Chisu International Corporation,Mining,U.S.,U.S.,"$45,908",Cuban Assets Control Regulations,CACR,NO,YES,4,,4/21/2022,,,,,,,
Biden,2022,Newmont Corporation,Mining,U.S.,U.S.,"$141,442",Cuban Assets Control Regulations,CACR,YES,NO,4,,4/21/2022,,,,,industrial explosives,,
Biden,2022,"S&P Global, Inc.",Consultancy,U.S.,U.S.,"$78,750",EO 13662,RF,NO,NO,4,,4/1/2022,,,,,,,
Biden,2022,"Airbnb Payments, Inc.",Financial,U.S.,U.S.,"$91,172",Cuban Assets Control Regulations,CACR,YES,NO,"3,076",,1/11/2022,,,,,financial transactions,,
Biden,2022,Sojitz (Hong Kong) Limited,Financial,China,Foreign,"$5,228,298",Iranian Transactions,ITSR,YES,NO,60,,1/3/2022,,,,,,,
Biden,2021,TD Bank,Financial,U.S.,U.S.,"$115,005",North Korea Sanctions Regulations,NKSR,YES,NO,"1,479"," December 20, 2016 and August 15, 2018",12/23/2021,,,,,,,
Biden,2021,An Individual,Construcion,U.S. ,U.S.,"$113,860",Iranian Transactions,ITSR,NO,NO,4,,12/8/2021,,,,,,,
Biden,2021,"Schlumberger Rod Lift, Inc.",Petrochemical,U.S.,U.S.,"$160,000","Sudanese 
Sanctions Regulations",SSR,NO,NO,1,December 2015-April 2016,9/27/2021,,,,,,,
Biden,2021,"Mashreqbank, PSC",Financial,UAE,Foreign,"$100,000,000","Sudanese 
Sanctions Regulations",SSR,NO,YES,"1,760","January 4, 2005 and February 6, 2009",11/9/2021,,,,,,,
Biden,2021,Cameron International Corp,Petrochemical,U.S. ,Foreign,"$1,423,766","E.O. 13662, Ukraine-Related Sanctions Regulations",UKRAINE-EO13662,NO,NO,5,"July 29, 2015 to November 28, 2016",9/27/2021,,,,,,,
Biden,2021,"NewTek, Inc.",ICT,U.S.,U.S.,"$189,483",Iranian Transactions and Sanctions Regulations,ITSR,YES,NO,52,December 2013 through May 2018,9/9/2021,Iran,,,,,,
Biden,2021,First Bank of Romania,Financial,Romania ,Foreign,"$862,318",Iranian Transactions and Sanctions Regulations," ITSR, SySR",YES,NO,98,"March 2, 2016 to June 2018",8/27/2021,"Iran, Syria, France, UAE",,NO,NO,Software and hardware ,,
Biden,2021,Bank of China (UK),Financial,UK,Foreign,"$2,329,991","Sudanese 
Sanctions Regulations",SSR,YES,NO,111,"September 4, 2014 and February 24, 2016",8/26/2021,Sudan,,YES,YES,,,
Biden,2021,"Payoneer, Inc.",Financial,U.S.,U.S.,"$1,400,301",Blocking Property of Certain Persons and Prohibiting Certain Transactions with Respect to the Crimea Region of Ukraine”; the Zimbabwe Sanctions Regulations; the Weapons of Mass Destruction Proliferators Sanctions Regulations; the Iranian Transactions and Sanctions Regulations; the now-repealed Sudanese Sanctions Regulations (SSR); and the Syrian Sanctions Regulations,"UKRAINE-EO13685, ITSR, SSR, ZIMBABWE, NPWMD",NO,NO,"2,260","n February 4, 2013 and February 20, 2018",7/23/2021,,YES,NO,NO,,,
Biden,2021,"Alfa Laval, Inc.",Petrochemical,U.S.,U.S.,"$16,875",Iranian Transactions and Sanctions Regulations,ITSR,NO,NO,1,May 2015 and March 2016,7/19/2021,"UAE, Iran",YES,YES,NO,,,
Biden,2021,Alfa Laval Middle East Ltd.,Petrochemical,UAE,Foreign,"$415,695",Iranian Transactions and Sanctions Regulations,ITSR,NO,YES,1,May 2015 and March 2016,7/19/2021,,YES,YES,NO,,,
Biden,2021,"MoneyGram Payment Systems, Inc.",Financial,U.S.,U.S.,"$34,329","Foreign Narcotics Kingpin Sanctions Regulations, 31 C.F.R §598.203; 
Narcotics Trafficking Sanctions Regulations, 31 C.F.R. §536.201;  Syrian Sanctions Regulations, 31
C.F.R. §542.207;  Democratic Republic of the Congo Sanctions Regulations, 31 C.F.R. §547.201; the
Central African Republic Sanctions Regulations, 31 C.F.R. §553.201; Weapons of Mass
Destruction Proliferators Sanctions Regulations, 31 C.F.R. §544.201","FNKSR, SySR, NTSR, DRCONGO, CAR, NPWMD",YES,NO,359,"March 12, 2013 and June 21, 2020,",4/29/2021,"Syria, Congo, Central African Republic, ","YES, 40 Invididuals",NO,NO,Remittances ,,YES
Biden,2021,SAP SE,ICT,Germany,Foreign,"$2,132,174",Iranian Transactions and Sanctions Regulations,ITSR,YES,NO,190,January 2013 to January 2018,4/29/2021,"Turkey, U.A.E, Germany, Malaysia, Iran",NO,NO,NO,Compliance software,3693898,NO
Biden,2021,Alliance Steel Inc.,Machinery,U.S.,U.S.,"$435,003",Iranian Transactions and Sanctions Regulations,ITSR,YES,NO,61,October 2013 to October 2018,4/19/2021,"US, Iran",NO,NO,NO,Engineering Services,1450008,NO
Biden,2021,"Nordgas, S.r.l.",Machinery,Italy,Foreign,"$950,000",Iranian Transactions and Sanctions Regulations,ITSR,NO,YES,27,March 2013 to March 2017,3/26/2021,"Iran, Italy, US",NO,YES,YES,Air pressure switches,2526783,NO
Biden,2021,"UniControl, Inc.",Machinery,U.S.,U.S.,"$216,464",Iranian Transactions and Sanctions Regulations,ITSR,YES,YES,21,July 2013 to March 2017,3/15/2021,"US, two European countries, Iran",NO,NO,NO,Air pressure switches,687189,NO
Biden,2021,"BitPay, Inc.",Financial,U.S.,U.S.,"$507,375","Executive Order 13685, Cuban Assets Control Regulations, North Korea Sanctions Regime, Iranian Transactions and Sanctions Regulations, Sudanese Sanctions  and Regulations, Syrian Sanctions and Regulations","CACR, NKSR, ITSR, SSR, ",NO,NO,"2,102",June 2013 to September 2018,2/18/2021,"Ukraine, Cuba, North Korea, Iran, Sudan, Syria, US",NO,NO,NO,Payment Processing Solution,129000,NO
Trump,2021,PT Bukit Muria Jaya,Industrial,Indonesia,Foreign,"$1,016,000",North Korea Sanctions Regulations,NKSR,NO,NO,28,March 2016 to May 2018.,1/14/2021,"Indonesia, North Korea, US, China",Daesong,NO,NO,Cigarette Paper,959111,NO
Trump,2021,Union de Banques Arabes et Françaises,Financial,France,Foreign,"$8,572,500","Executive Order 13582 of August 17, 2011, “Blocking
Property of the Government of Syria and Prohibiting Certain Transactions with Respect to Syria” (“E.O.
13582”), and Executive Order 13382 of July 1, 2005, “Blocking Property of Weapons of Mass
Destruction Proliferators and Their Supporters” (“E.O. 13382”).",,YES,NO,127,August 2011 to April 2013,1/14/2021,,,NO,NO,Financial transactions,,
Trump,2020,"BitGo, Inc. ",Financial,U.S.,U.S.,"$98,830","Executive order, Iranian Transactions and Sanctions Regulations,  Sudanese Sanctions Regulations, Syrian Sanctions Regulations","ITSR, SSR",NO,NO,183,"March 10, 2015 to December 11, 2019,",12/30/2020,"United States, Ukraine, Cuba, Iran, Sudan, and Syria",NO,NO,NO,digital currency transactions,9127.79,NO
Trump,2020,National Commercial Bank,Financial,Saudi Arabia,Foreign,"$653,347",Executive order and Sudanese Sanctions Regulations,SSD,YES,NO,13,"November 7, 2011 to August 28, 2014,",12/28/2020,"Saudi Arabia, Syria, Sudan",YES,NO,NO,Financial Transactions,5918560,NO
Trump,2020,"Berkshire Hathaway, Inc.",Financial,U.S.,U.S.,"$4,144,651",Iranian Transactions and Sanctions Regulations,ITSR,YES,YES,144,December 2012 to January 2016,10/20/2020,"United States, Iran, Turkey",Government of Iran,YES,YES,Cutting tools and related inserts,383443,NO
Trump,2020,"Generali Global Assistance, Inc.",Insurance,U.S.,U.S.,"$5,864,860",Cuban Assets Control Regulations,CACR,YES,YES,"2,593","June 26, 2010 to January 15, 2015",10/1/2020,"Canada, U.S., Cuba",YES,NO,NO,Travel services,285760,NO
Trump,2020,Keysight Technologies Inc. ,ICT,U.S.,U.S.,"$473,157",Iranian Transactions and Sanctions Regulations,ITSR,YES,YES,1,January 2016 to June 2016,9/24/2020,"Iran, Finland, United States",NO,YES,YES,Software/technology products,331089,YES
Trump,2020,Comtech Telecommunications Corp.,ICT,U.S.,U.S.,"$894,111",Sudanese Sanctions Regulations,SSR,YES,YES,4,"June 24, 2014 to October 19, 2015",9/17/2020,"Sudan, United States",NO,YES,NO,Software/electronic services,,YES
Trump,2020,Deutsche Bank Trust Company Americas,Financial,U.S.,U.S.,"$583,100",Ukraine-Related Sanctions Regulations and Executive Order 13685,URSR,NO,NO,61,"December 22, 2015 to December 20, 2015",9/9/2020,"Cyprus, United States, Russia, Ukraine",Open Joint Stock Company Krasnodar Regional Investment Bank,YES,NO,Financial Transactions,276742.9,NO
Trump,2020,An Individual,Security,U.S.,U.S.,"$5,000",Foreign Narcotics Kingpin Sanctions Regulations,FNKSR,NO,YES,24,2015,8/11/2020,"United States, Colombia",YES,N/A,N/A,personal purchases,3349.33,NO
Trump,2020,"Whitford Worldwide Company, LLC",Machinery,U.S.,U.S.,"$824,314",Iranian Transactions and Sanctions Regulations,ITSR,YES,NO,74,November 2012 to December 2015,7/28/2020,Iran,NO,YES,NO,Retail Goods,3050000,YES
Trump,2020,Essentra FZE Company Limited,Retail,UAE,Foreign,"$665,112",North Korea Sanctions Regulations,NKSR,NO,YES,3,September 2018 to December 2018,,North Korea,NO,NO,NO,Retail Goods,332272,NO
Trump,2020,"Amazon.com, Inc.",Retail,U.S.,U.S.,"$134,523","Cuban Assets Control Regulations, the Democratic Republic of the Congo Sanctions Regulations, the Foreign Narcotics Kingpin Sanctions Regulations, the Global Terrorism Sanctions Regulations, the Iranian Transactions and Sanctions Regulations, the Narcotics Trafficking Sanctions Regulations, the North Korea Sanctions Regulations, the Syrian Sanctions Regulations, the Sudanese Sanctions Regulations, the
Transnational Criminal Organizations Sanctions Regulations, Executive Order 13685 of December 19, 2014, “Blocking Property of Certain Persons and Prohibiting Certain Transactions With Respect to the Crimea Region of Ukraine”; the Venezuela Sanctions Regulations, the Weapons of Mass Destruction Proliferators Sanctions Regulations, and the Zimbabwe Sanctions Regulations","CACR, DRCSR, FNKSR, GTSR, ITSR, NTSR, NKSR, SySR, SSR, TCOSR, VSR, WMDPSR, ZSR",YES,NO,607,"November 15, 2011 to  October 18, 2018",7/8/2020,"Russia, Iran, Syria, Congo, Sudan, Zimbabwe, North Korea, Venezuela, Japan, Belgium",YES,NO,NO,Retail Goods,269000,YES
Trump,2020,"BIOMIN America, Inc.",Agricultural,U.S.,U.S.,"$257,862", Cuban Assets Control Regulations,CACR,YES,NO,44,"July 11, 2012 to September 29, 2017",5/6/2020,"Cuba, United States", ,YES,YES,Agricultural Commodities,17391950.25,YES
Trump,2020,Societe Internationale de Telecommunications Aeronautiques SCR,Aerospace,Swiss,Foreign,"$7,829,640",Global Terrorism Sanctions Regulation,GTSR,NO,NO,"9,256",April 2013 to February 2018,2/26/2020,"Switzerland, Singapore, United States, Syria, Iran","Mahan Air, Syrian
Arab Airlines, Caspian Air",NO,NO,Aerospace software,2428200,NO
Trump,2020,Eagle Shipping International (USA) LLC,Shipping,Mashall Islands,Foreign,"$1,125,000",Burmese Sanctions Regulations (BSR),BSR,YES,YES,36,"June 3, 2011 to 2014",1/27/2020,"Singapore, Burma, ",Myawaddy,YES,YES,Export of goods,1796400,YES
Trump,2020,"Park Strategies, LLC",Financial,U.S.,U.S.,"$12,150",Global Terrorism Sanctions,GTSR,YES,NO,1,"August 25, 2017 to November 25, 2017",1/21/2020,Somalia,Al-Barakaat,NO,NO,Lobbying,30000,NO
Trump,2019,Allianz Global Risks US Insurance Company ,Insurance,U.S.,U.S.,"$170,535",Cuban Assets Control Regulations,CACR,YES,NO,"6,474"," August 20, 2010 and January 15, 2015",12/9/2019,"Canada, Germany",,YES,NO,Insurance,548691,NO
Trump,2019,Ace Limited,Insurance,Switzerland,Foreign,"$66,212",Cuban Assets Control Regulations,CACR,YES,NO,"20,291"," January 1, 2010 and December 31, 2014",12/9/2019,"Switzerland, UK",,YES,YES,Insurance,367847,NO
Trump,2019,"Apple, Inc.",ICT,U.S.,U.S.,"$466,912",Foreign Narcotics Kingpin Sanctions Regulations,FNKSR,YES,NO,3,"February 24, 2015 to on or about May 9, 2017",11/12/2019,Slovenia,SIS D.O.O,NO,NO,Software,1152868,NO
Trump,2019,"Appollo Aviation, LLC",Aerospace,U.S.,U.S.,"$210,600",Sudanese Sanctions Regime,SSR,YES,NO,12,July 2013 to September 2015,11/7/2019,"UAE, Ukraine",Government of Sudan,NO,NO,Leased aircraft engines,8018615,NO
Trump,2019, General Electric Company,Mining,U.S.,U.S.,"$2,718,581",Cuban Assets Control Regulations,CACR,YES,NO,289,"December 9, 2010 to on or about February 28, 2014",10/1/2019,Canada,Cobalt Refinery Company,YES,NO,Financial Transactions,8018615,
Trump,2019,?British Arab Commercial Bank plc,Financial,United Kingdom,Foreign,"$4,000,000",Sudanese Sanctions Regime,SSR,NO,YES,72,"September 21, 2010 and August 27, 2014",9/17/2019,United Kingdom,,NO,NO,Financial transactions,190700000,NO
Trump,2019,"Atradius Trade Credit Insurance, Inc.",Financial,U.S. ,Foreign,"$345,315",Foreign Narcotics Kingpin Sanctions Regulations,FNKSR,NO,NO,2,42906,8/16/2019,Panama,"Grupo Wisa, S.A. (Grupo Wisa) and the Soho Mall Panama",YES,NO,Financial transactions,5730680.33,NO
Trump,2019,"PACCAR, Inc",Automotive,Netherlands,Foreign,"$1,709,325",Iranian Transactions and Sanctions Regulations,ITSR,YES,NO,63, October 2013 and February 2015,8/6/2019,"Bulgaria, Germany, Netherlands",,YES,NO,Trucks,5426428,YES
Trump,2019,Cubasphere,Travel,U.S. ,Foreign,"$40,320",Cuba Assets Control Regulations,CACR,NO,NO,104,"December 30, 2013 to on or about
February 22, 2014",7/13/2019,Cuba,,NO,NO,Cuba-related travel services,,NO
Trump,2019,Expedia,Travel,U.S. ,Foreign,"$325,406",Cuba Assets Control Regulations,CACR,YES,NO,"2,221"," April 22, 2011 and on or about October 16, 2014",7/13/2019,Cuba,,NO,NO,Cuba-related travel services,,NO
Trump,2019,Hotel Beds USA,Travel,U.S. ,Foreign,"$222,705",Cuba Assets Control Regulations,CACR,NO,YES,703,December 2011 and on or about June 2014,7/13/2019,Cuba,,YES,NO,  Cuba-related travel service,,NO
Trump,2019,Western Union ,Financial,U.S. ,Foreign,"$401,697",Global Terrorism Sanctions Regulations,GTSR,YES,NO,"4,977","December 9, 2010, and March 13, 2015",6/7/2019,Gambia,SDN: Kairaba Shopping Center,YES,NO,Financial transactions,1250000,NO
Trump,2019,MID-SHIP Group LLC,Maritime,U.S.,U.S.,"$871,837","Weapons of Mass Destruction
Proliferators Sanctions Regulations, 31 C.F.R. part 544 (WMDPSR)",WMDPSR,NO,YES,5,"February 18, 2011 to November 14, 2011",5/2/2019,"Iran, Turkey, China",Islamic Republic of Iran Shipping Lines (IRISL),YES,NO,Electronic funds transfer,472861,-
Trump,2019,"Haverly Systems, Inc.",ICT,U.S.,U.S.,"$75,375","Ukraine Related Sanctions Regulations, 31
C.F.R. part 589 (URSR)",URSR,NO,NO,2,"May 31, 2016 to January
11, 2017",4/25/2019,Russia,JSC Rosneft,NO,NO,Debt older than 90 days,,YES
Trump,2019,UniCredit Bank AG,Financial,Germany,Foreign,"$553,380,759","Weapons of Mass Destruction Proliferators Sanctions Regulations, 31 C.F.R. Part 544 (WMDPSR), but also apparent violations of the Cuban Assets Control Regulations, 31 C.F.R. Part 515 (CACR); the Burmese Sanctions Regulations, 31 C.F.R. Part 537 (BSR)i; the Sudanese Sanctions Regulations, 31 C.F.R. Part 538 (SSR)ii; the Syrian Sanctions Regulations, 31 C.F.R. Part 542 (SySR)iii; the Iranian Transactions and Sanctions Regulations, 31 C.F.R. Part 560 (ITSR)iv; the Libyan Sanctions Regulations, 31 C.F.R. Part 570 (LSR); and the Global Terrorism Sanctions Regulations, 31 C.F.R. Part 594 (GTSR)","WMDPSR, CACR, BSR, SSR, SySR, ITSR, LSR, GTSR",NO,YES,"2,158","January 3, 2007 to December 27, 2011",4/15/2019,"Kazakhstan, Iran",Islamic Republic of Iran Shipping Lines (IRISL),YES,NO,Financial transactions,527467001,-
Trump,2019,UniCredit Bank Austria AG,Financial,Austria,Foreign,"$20,326,340"," Iranian Transactions and Sanctions Regulations, 31 C.F.R. Part 560 (ITSR); the Sudanese Sanctions Regulations, 31 C.F.R. Part 538 (SSR); the Burmese Sanctions Regulations, 31 C.F.R. Part 537 (BSR); the Syrian Sanctions Regulations, 31 C.F.R. Part 542 (SySR); and the Cuban Assets Control Regulations, 31 C.F.R. Part 515 (CACR)","ITSR, SSR, BSR, SySR, CACR",NO,YES/NO,127,Up to 2012,4/15/2019,,,YES,NO,Financial transactions,,-
Trump,2019,UniCredit S.p.A.,Financial,Italy,Foreign,"$37,316,322","Cuban Assets Control Regulations, 31 C.F.R. Part 515 (CACR); the Iranian Transactions and Sanctions Regulations, 31 C.F.R. Part 560 (ITSR); the Burmese Sanctions Regulations, 31 C.F.R. Part 537 (BSR); the Sudanese Sanctions Regulations, 31 C.F.R. Part 538 (SSR); and the Syrian Sanctions Regulations, 31 C.F.R. Part 542 (SySR)","CACR, ITSR, BSR, SSR, SySR",NO,YES,612,Up to 2012,4/15/2019,,,YES,NO,Financial transactions,,-
Trump,2019,"Acteon Group Ltd., and 2H Offshore Engineering Ltd",Petrochemical,United Kingdom,Foreign,"$227,500"," Cuban Assets Control Regulations, 31 C.F.R. part 515 (CACR)",CACR,YES,YES,7,,4/11/2019,"UK, Singapore, Cuba, Malaysia, UAE, Iran,  Venezuela",,YES,NO,"Oil exploration reports, oil exploration equipment",,-
Trump,2019,Standard Chartered Bank,Financial,United Kingdom,Foreign,"$639,023,750","Burmese Sanctions Regulations (BSR); the Cuban Assets Control Regulations, 31 C.F.R. Part 515 (CACR); the Iranian Transactions and Sanctions Regulations, 31 C.F.R. Part 560 (ITSR); the now-repealed Sudanese Sanctions Regulations; and the Syrian Sanctions Regulations, 31 C.F.R. Part 542 (SySR), or Executive Order 13582 of August 17, 2011, “Blocking Property of the Government of Syria and Prohibiting Certain Transactions With Respect to Syria” (E.O. 13582)","BSR, CACR, ITSR, SSR, SySR, E.O. 13582",NO,YES,"9,335",June 2009 until June 2014,4/9/2019,,,NO,NO,Financial transactions,437553380,-
Trump,2019,Standard Chartered Bank,Financial,United Kingdom,Foreign,"$18,016,283","Zimbabwe Sanctions Regulations, 31 C.F.R Part 541 (ZSR)",ZSR,YES,NO,"1,795",,4/9/2019,Zimbabwe,YES,NO,NO,Financial transactions,76795414,-
Trump,2019,"Stanley Black & Decker, Inc",Industrial,U.S.,U.S.,"$1,869,144","Iranian Transactions and Sanctions Regulations, 31 C.F.R. part 560 (ITSR)",ITSR,YES,YES,23,"June 29, 2013 and on or about December 30, 2014",3/27/2019,"China, Iran, UAE",,YES,NO,Power tools,3201647.73,-
Trump,2019,"ZAG IP, LLC",Raw materials,U.S.,U.S.,"$506,250","Iranian Transactions and Sanctions Regulations, 31 C.F.R. part 560 (ITSR)",ITSR,YES,NO,5,"July 11, 2014 and on or about January 15, 2015",2/21/2019,"UAE, Tanzania",-,NO,NO," 263,563 metric tons of Iranian origin clinker",14495961,-
Trump,2019,AppliChem GmbH,Chemical,Germany,Foreign,"$5,512,564"," Cuban Assets Control Regulations, 31 C.F.R. part 515 (CACR)",CACR,YES,YES,304,between May 2012 and February 2016,2/14/2019,"Germany, Cuba",,YES,NO,Chemical Reagents,3433495,-
Trump,2019,Kollmorgen Corporation,Machinery,U.S.,U.S.,"$13,381","Iranian Transactions and Sanctions Regulations, 31 C.F.R. part 560 (ITSR)",ITSR,YES,NO,6, July 2013 to July 2015,2/7/2019,"Turkey, Iran",,YES,NO,Servicing machines and providing spare parts,14867,-
Trump,2019,"e.l.f. Cosmetics, Inc",Cosmetics,U.S.,U.S.,"$996,080"," North Korea Sanctions Regulations, 31 C.F.R. part 510 (NKSR)",NKSR,YES,NO,156,"April 1, 2012 to on or about January 28, 2017",1/31/2019,"China, North Korea",,NO,NO,false eyelash kits,4427019.26,-
Trump,2018,"Zoltek Companies, Inc.",Financial,U.S.,U.S.,"$7,772,102","Belarus Sanctions Regulations, 31 C.F.R. part 548 (BSR).",BSR,YES,YES,26,"January 18, 2012 to October 27, 2015",12/20/2018,"Hungary, Belarus",J.S.C. Naftan,YES,NO,acrylonitrile (“ACN”),-,-
Trump,2018,"Yantai Jereh Oilfield Services Group Co., Ltd. ",Petrochemical,China,Foreign,"$2,774,972","Iranian Transactions and Sanctions Regulations, 31 C.F.R. part 560 (ITSR)",ITSR,NO,YES,11," October 2, 2014 to on or about March 4, 2016",12/12/2018,"Iran, China, UAE",,YES,NO,US origin goods (BIS?),"$500,000+",-
Trump,2018,"Cobham Holdings, Inc.",ICT,U.S.,U.S.,"$87,507","Ukraine Related Sanctions Regulations, 31 C.F.R. part 589 (the URSR)",URSR,YES,NO,3,"July 31, 2014 to January 15, 2015",11/27/2018,"Russia, Canada",Almaz Antey Telecommunications LLC,YES,NO,"3,400 LM 102202-Q-C-301 switch limiters, 6,900 MSW 2061-206 switches, and 20 silicon diode switch limiter samples",2246374,-
Trump,2018,Société Générale S.A. ,Financial,France,Foreign,"$53,966,916"," Cuban Assets Control Regulations, 31 C.F.R. Part 515 (CACR); the Iranian Transactions and Sanctions Regulations, 31 C.F.R. Part 560 (ITSR); and the Sudanese Sanctions Regulations, 31 C.F.R. Part 538 (SSR)","CACR, ITSR, SSR",NO,YES,"1,077", at least five years up to and including 2012,11/19/2018,,,NO,NO,Financial transactions,5560452994,-
Trump,2018,"JPMorgan Chase Bank, N.A.",Financial,U.S.,U.S.,"$5,263,171"," the Cuban Assets Control Regulations, 31 C.F.R. Part 515 (CACR); the Iranian Transactions and Sanctions Regulations, 31 C.F.R. Part 560 (ITSR); and the Weapons of Mass Destruction Proliferators Sanctions Regulations, 31 C.F.R. Part 544 (WMDPSR)","CACR, ITSR, WMDPSR",YES,NO,87," January 3, 2008
to February 8, 2012",10/5/2018,,YES,NO,NO,net settlement payments,1500000,-
Trump,2018,"Epsilon Electronics, Inc.",ICT,U.S.,U.S.,"$1,500,000","Iranian Transactions and Sanctions Regulations, 31 C.F.R. part 560 (the “ITSR”)",ITSR,NO,YES,39,"August 26, 2008 to May 22, 2012",9/13/2018,Iran,,NO,NO,export of goods,2823000,-
Trump,2018,"Ericsson, Inc. and Ericsson AB",ICT,Sweden,Foreign,"$145,893"," International Emergency Economic Powers Act (IEEPA) and the Sudanese Sanctions Regulations, 31 C.F.R. part 538 (SSR)","IEEPA, SSR",YES,YES,1,41001,6/6/2018,"Botswana, Lebanon, Switzerland, Sweden",,YES,NO,satellite equipment,,
Trump,2017,DENTSPLY SIRONA Inc,Medical Devices,U.S.,U.S.,"$1,220,400","§ 560.204 of the Iranian Transactions and Sanctions Regulations, 31 C.F.R. Part 560 (ITSR)",ITSR,NO,NO,37,"November 26, 2009 to July 5, 2012",12/6/2017,"Iran, third-country distributors",-,YES,YES,Dental equipment and supplies,-,YES
Trump,2017,BCC Corporate SA,Financial,Belgium,Foreign,"$204,277","Cuban Assets Control Regulations, 31 C.F.R. part 515 (CACR)",CACR,YES,NO,"1,818","Between April 9, 2009 and February 3, 2014",11/17/2017,"Cuba, Belgium",-,YES,NO,Financial Transactions,583649.43,NO(?)
Trump,2017,BD White Birch Investment LLC,Paper,U.S.,U.S.,"$372,465","Sudanese Sanctions Regulations, 31 C.F.R. part 538 (SSR)",SSR,NO,NO,3,April and December 2013,10/5/2017,"Canada, Sudan",-,YES,NO,Paper,354602.26,YES
Trump,2017,"Richemont North America, Inc., d.b.a. Cartier",Luxury Goods,U.S.,U.S.,"$334,800","Foreign Narcotics
Kingpin Sanctions Regulations, 31 C.F.R. part 598 (FNKSR)",FNKSR,NO,NO,4,"October 5, 2010 and April 21, 2011",9/26/2017,Hong Kong,Shuen Wai Holding Limited ,YES,NO,Jewelry,-,NO
Trump,2017,COSL Singapore Ltd,Petrochemical,Singapore,Foreign,"$415,350","Iranian Transactions and Sanctions Regulations, 31 C.F.R. Part 560 (ITSR)",ITSR,NO,NO,55,"Between  October 7, 2011 and February 20, 2013",8/24/2017,"Singapore, UAE, Iran",-,YES,NO,Oil rig supplies,524664,NO
Trump,2017,"Blue Sky Blue Sea, Inc., doing business as
American Export Lines and International Shipping Company",Shipping,U.S.,U.S.,"$518,063","Iranian Transactions and Sanctions Regulations, 31 C.F.R. Part 560 (ITSR)",ITSR,NO,NO,140,"Between April 25, 2010 and June 2, 2012",8/17/2017,"Iran, Afghanistan",-,YES,NO,Junked cars and parts,-,NO
Trump,2017,"IPSA International Services, Inc. ",Financial,U.S.,U.S.,"$259,200","Iranian Transactions and Sanctions Regulations, 31 C.F.R. part 560 (ITSR)",ITSR,NO,NO,72,March and October 2012,8/10/2017,"Iran, Canada, UAE",-,YES,NO,Financial Transactions,-,NO
Trump,2017,CSE TransTel Pte. Ltd. and CSE Global Limited,ICT,Singapore,Foreign,"$12,027,066"," International Emergency Economic Powers Act (IEEPA) and the Iranian Transactions and Sanctions Regulations, 31 C.F.R. part 560 (ITSR)","IEEPA, SSR",NO,YES,104,"Between August 25, 2010 and November 5, 2011, between June 4, 2012 and March 27, 2013",7/27/2017,Iran,-,YES,NO,Financial Transactions,11111000,NO
Trump,2017,ExxonMobil Corp,Petrochemical,U.S.,U.S.,"$2,000,000","Ukraine-Related Sanctions
Regulations, 31 C.F.R. part 589 (Ukraine-Related Sanctions Regulations)",URSR,NO,YES,8,"Between May 14, 2014 and May 23, 2014",7/20/2017,"Russia, Ukraine",Igor Sechin,YES,NO,Signed legal documents relating to oil and gas projects,-,NO
Trump,2017,"American International Group, Inc. (AIG)",Financial,U.S.,U.S.,"$148,698","Iranian Transactions and Sanctions Regulations, 31 C.F.R. Part 560 (ITSR); the Weapons of Mass Destruction Proliferators Sanctions Regulations, 31 C.F.R. Part 544 (WMDPSR); the Sudanese Sanctions Regulations, 31 C.F.R. Part 538 (SSR); and the Cuban Assets Control Regulations, 31 C.F.R. Part 515 (CACR),","ITSR, SSR, WMDPSR, SSR, CACR",YES,NO,555,"Between November 20, 2007 and September 3, 2012",6/26/2017,"Iran, Sudan, Cuba","""blocked persons""",NO,NO,"Transactions  in premiums and claims for the insurance of maritime shipments of various goods and materials destined for, or that transited through Iran, Sudan, or Cuba, and/or that involved a blocked person. ",396530,NO
Trump,2017,American Honda Finance Corporation,Financial,U.S.,U.S.,"$87,255","Cuban Assets Control Regulations, 31 C.F.R. part 515 (CACR)",CACR,YES,NO,13,Between February 2011 and March 2014,6/8/2017,"Canada, Cuba",-,YES,NO,Lease agreements,276999,NO
Trump,2017,Zhongxing Telecommunications Equipment Corporation (ZTE),ICT,China,Foreign,"$100,871,266","Iranian Transactions and Sanctions Regulations, 31 C.F.R. part 560 (ITSR)",ITSR,NO,YES,251,From January 2010 to on or about March 2016,3/7/2017,"China, Iran",-,YES,NO,Export and reexport of controlled US origin goods to Iran,39622972,NO
Trump,2017,United Medical Instruments Inc.,Medical Devices,U.S.,U.S.,"$515,400","Iranian Transactions and Sanctions Regulations, 31 C.F.R. part 560 (ITSR)",ITSR,YES,NO,56,"From on or about December 5, 2007 to on or about April 30, 2009",2/28/2017,"Iran, UAE",-,NO,NO,medical imaging equipment,2493597,YES
Trump,2017,Toronto-Dominion Bank,Financial,Canada,Foreign,"$516,105"," § 515.201 of the Cuban Assets Control Regulations, 31 C.F.R. part 515 (CACR), and § 560.204 of the Iranian Transactions Sanctions Regulations, 31 C.F.R. part 560 (ITSR)","CACR, ITSR",YES,NO,167,"From 2003 or 2004, to 2011",1/13/2017,"Iran, Cuba, Canada",YES,YES,NO,Financial Transactions,2130594,YES
Trump,2017,"Toronto-Dominion Bank, Internaxx Bank SA, and  TD Waterhouse Investment Services (Europe) Limited ",Financial,Canada,Foreign,$0,"§ 515.201 of the Cuban Assets Control Regulations, 31 C.F.R. part 515 (CACR), and § 560.204 of the Iranian Transactions
Sanctions Regulations, 31 C.F.R. part 560 (ITSR)","CACR, ITSR",YES,NO,"3,658"," between August 7, 2007 and November 18, 2013",,"Iran, Cuba, Canada, Luxembourg",,NO,NO,,92868862,NO
Trump,2017,"An individual, and  the Alliance for Responsible Cuba Policy Foundation",Nonprofit,U.S.,U.S.,"$10,000"," Cuban Assets Control Regulations, 31 C.F.R. Part 515 (CACR)",CACR,NO,NO,20," from on or about August 23, 2010 to on or about August 27, 2010, and September 8, 2011 to on or about September 11, 2011",1/12/2017,Cuba,-,NO,NO,Facilitating travel,-,NO
Trump,2017,"An individual, and  the Alliance for Responsible Cuba Policy Foundation",Nonprofit,U.S.,U.S.,"$10,000"," Cuban Assets Control Regulations, 31 C.F.R. Part 515 (CACR)",CACR,NO,NO,20," from on or about August 23, 2010 to on or about August 27, 2010, and September 8, 2011 to on or about September 11, 2011",1/12/2017,Cuba,-,NO,NO,Facilitating travel,-,NO
Trump,2017,"An individual, and  the Alliance for Responsible Cuba Policy Foundation",Nonprofit,U.S.,U.S.,"$10,000"," Cuban Assets Control Regulations, 31 C.F.R. Part 515 (CACR)",CACR,NO,NO,20," from on or about August 23, 2010 to on or about August 27, 2010, and September 8, 2011 to on or about September 11, 2011",1/12/2017,Cuba,-,NO,NO,Facilitating travel,-,NO
Trump,2017,"An individual, and  the Alliance for Responsible Cuba Policy Foundation",Nonprofit,U.S.,U.S.,"$10,000"," Cuban Assets Control Regulations, 31 C.F.R. Part 515 (CACR)",CACR,NO,NO,20," from on or about August 23, 2010 to on or about August 27, 2010, and September 8, 2011 to on or about September 11, 2011",1/12/2017,Cuba,-,NO,NO,Facilitating travel,-,NO
Trump,2017,Aban Offshore Limited,Petrochemical,India,Foreign,"$17,500","Iranian Transactions and Sanctions Regulations, 31 C.F.R. part 560 (ITSR)",ITSR,NO,NO,1,39626,1/12/2017,"India, Singapore, UAE, Iran",-,YES,NO,Oil rig supplies,10127,NO
Obama,2016," National Oilwell Varco, Inc.,  Dreco Energy Services, Ltd., NOV Elmar ",Petrochemical,U.S.,U.S.,"$5,976,028","Cuban Assets Control Regulations, 31 C.F.R. part 515 (CACR), the Iranian Transactions and Sanctions Regulations, 31 C.F.R. part 560 (ITSR), and the Sudanese Sanctions Regulations, 31 C.F.R. part 538 (SSR)","CACR, ITSR, SSR",NO,YES,61,From 2002 to 2009,11/14/2016,"Iran, Cuba, Sudan, UK",-,YES,NO,"Payments, other financial transactions",15955471,NO
Obama,2016,PanAmerican Seed Company,Agricultural,U.S.,U.S.,"$4,320,000","Iranian Transactions and Sanctions Regulations, 31 C.F.R. part 560 (ITSR)",ITSR,NO,YES,48,"From on or about May 5, 2009 to on or about March 2, 2012",9/13/2016,Iran,-,YES,NO,Seeds,-,YES
Obama,2016,"World Class Technology
Corporation",ICT,U.S.,U.S.,"$43,200","Iranian Transactions and Sanctions Regulations (ITSR), 31 C.F.R. part 560",ITSR ,NO,NO,7,between April 2008 and July 2010,9/7/2016,"Iran, Germany, UAE, Lebanon",-,NO,NO,orthodontic devices,59886,YES
Obama,2016,"Alcon Laboratories, Inc., Alcon Pharmaceuticals Ltd., and Alcon Management, SA",Pharmaceutical,"U.S., Switzerland",Foreign,"$7,617,150","Iranian Transactions and Sanctions Regulations, 31 C.F.R. part 560 (ITSR) and the Sudanese Sanctions Regulations, 31 C.F.R. part 538 (SSR)","ITSR, SSR",NO,NO,513,August 2008 to December 2011,7/5/2016,"Switzerland, Iran, Sudan",-,YES,NO,medical end-use surgical and pharmaceutical products,-,YES
Obama,2016,"HyperBranch Medical
Technology, Inc.",Medical Devices,U.S.,U.S.,"$107,691","Iranian Transactions and Sanctions
Regulations, 31 C.F.R. part 560 (ITSR)",ITSR,YES,NO,2,"April 15, 2011 and  May 27, 2011",6/23/2016,"Iran, UAE",-,NO,NO,medical goods (adherus sealants),-,YES
Obama,2016,"Halliburton Atlantic Limited, Halliburton Overseas Limited",Petrochemical,Cayman Islands,Foreign,"$304,706"," Cuban Assets Control
Regulations, 31 C.F.R. part 515 (the “CACR”)",CACR,YES,NO,,"From on or about February 15, 2011, to on or about April 6, 2011",2/25/2016,"Cuba, Angola",-,YES,NO,Property and invoices,1189752,NO
Obama,2016,"CGG Services S.A, CGG Services, Veritas Geoservices Ltd. S.A. ",Petrochemical,France,Foreign,"$614,250","Cuban Assets Control Regulations, 31 C.F.R. part 515 ",CACR,NO,NO,22," December 14, 2010 and March 10, 2011, and from February 28, 2011 to July 20, 2011, and from February 1, 2011 to February 3, 2011, and  September 20, 2010 to February 22, 2011,",2/22/2016,"Cuba, Venezuela",-,YES,NO,"services, spare parts, and equipment for oil and gas exploration and seismic surveys",2758701,NO
Obama,2016,Barclays Bank Plc,Financial,United Kingdom,Foreign,"$2,485,890","§ 541.201 of the Zimbabwe Sanctions Regulations, 31 C.F.R. part 541 (ZSR)",ZSR,NO,NO,159,July 2008 to September 2013,2/8/2016,"UK, Zimbabwe",Industrial Development Corporation of Zimbabwe,YES,NO,Financial transactions,3375617,NO
Obama,2016,"WATG Holdings, Inc., Wimberly Allison Tong and Goo (UK) Limited",Construcion,"U.S., UK",Foreign,"$140,400","Cuban Assets Control Regulations, 31 C.F.R. part 515",CACR,NO,NO,multiple,"October 13, 2009 to May 20, 2010",1/20/2016,"Cuba, Qatar, UK",-,YES,NO,Property and contracts,641229,NO
Obama,2015,"Barracuda Networks, Inc.",ICT,U.S.,U.S.,"$38,930","Iranian Transactions and Sanctions Regulations, 31 C.F.R. part 560; the Sudanese Sanctions Regulations, 31 C.F.R. part 538, and the Syrian Sanctions Regulations, 31 C.F.R. part 542","ITSR, SSR, SySR",YES,NO,-,August 2009 to May 2012,11/24/2015,"UK, Sudan, Iran, Syria",YES,YES,NO,"goods, technology, and services",123586,NO
Obama,2015,"Banco do Brasil, S.A.",Financial,U.S.,U.S.,"$139,500","§ 560.204 of the Iranian Transactions and Sanctions Regulations, 31 C.F.R. part 560 (ITSR)",ITSR,NO,NO,7,October 2011 to June 2012,11/4/2015,"Brazil, Iran",NO,NO,NO,Financial transaction,192322,NO
Obama,2015,"Gil Tours Travel, Inc",Travel,U.S.,U.S.,"$43,875","Cuban Assets Control Regulations, 31 C.F.R. part 515 (CACR)",CACR,NO,NO,-,"October 21, 2009 to August 19, 2010",10/27/2015,Cuba,NO,NO,NO,dealings in property,-,NO
Obama,2015,"Gil Tours Travel, Inc",Travel,U.S.,U.S.,"$43,875","Cuban Assets Control Regulations, 31 C.F.R. part 515 (CACR)",CACR,NO,NO,-,"October 21, 2009 to August 19, 2010",10/27/2015,Cuba,NO,NO,NO,dealings in property,-,NO
Obama,2015,"Gil Tours Travel, Inc",Travel,U.S.,U.S.,"$43,875","Cuban Assets Control Regulations, 31 C.F.R. part 515 (CACR)",CACR,NO,NO,-,"October 21, 2009 to August 19, 2010",10/27/2015,Cuba,NO,NO,NO,dealings in property,-,NO
Obama,2015,"Gil Tours Travel, Inc",Travel,U.S.,U.S.,"$43,875","Cuban Assets Control Regulations, 31 C.F.R. part 515 (CACR)",CACR,NO,NO,-,"October 21, 2009 to August 19, 2010",10/27/2015,Cuba,NO,NO,NO,dealings in property,-,NO
Obama,2015,Crédit Agricole Corporate and Investment Bank,Financial,France,Foreign,"$329,593,585"," Sudanese Sanctions Regulations, 31 C.F.R. part 538 (SSR), but also the Cuban Assets Control Regulations, 31 C.F.R. part 515 (CACR), the Burmese Sanctions Regulations, 31 C.F.R. part 537 (BSR), and the Iranian Transactions and Sanctions Regulations, 31 C.F.R. part 560 (ITSR)","SSR, CACR, SSR, ITSR, Burma",NO,YES,"4,297",2003-2008,10/20/2015,"Switzerland, France, Sudan, Cuba, Burma, Iran",NO,YES,YES,Financial transaction,441873894,NO
Obama,2015,UBS AG (bank),Financial,Switzerland,Foreign,"$1,700,100","§ 594.201 of the Global Terrorism Sanctions Regulations, 31 C.F.R. part 594 (GTSR)",GTSR,NO,NO,222,January 2008 to January 2013,8/27/2015,Switzerland ,NO,NO,NO,Financial transaction,2466195,NO
Obama,2015,Navigators Insurance Company,Insurance,U.S.,U.S.,"$271,815"," Foreign Assets Control Regulations, 31 C.F.R. part 500 (the FACR); Executive Order 13466 of June 26, 2008, “Continuing Certain Restrictions With Respect to North Korea and North Korean Nationals” (“E.O. 13466”); the North Korea Sanctions Regulations, 31 C.F.R. part 510 (the NKSR); the Iranian Transactions and Sanctions Regulations, 31 C.F.R. part 560 (the ITSR); the Sudanese Sanctions Regulations, 31 C.F.R. part 538 (the SSR); and the Cuban Assets Control Regulations, 31 C.F.R. part 515 (the CACR)","FACR, EO13466, NKSR, ITSR, SSR, CACR",YES,NO,48,"May 8, 2008 to April 1, 2011",8/6/2015,"Iran, North Korea, Sudan, Cuba",NO,NO,NO,"Insuring vessels, insurance claim payments",1510083,NO
Obama,2015,"Production Products, Inc",Machinery,U.S.,U.S.,"$78,750","Weapons of Mass Destruction Proliferators Sanctions Regulations, 31 C.F.R. part 544 (the “WMDPSR”)",WMDPSR,NO,NO,2,"December 15, 2009, to August 18, 2010",8/5/2015,China,China National Precision Machinery Import and Export Corp.,NO,NO,duct fabrication machines,500000,NO
Obama,2015,"Blue Robin, Inc.",ICT,U.S.,U.S.,"$82,260","Iranian Transactions and Sanctions Regulations, 31 C.F.R. part 560 (the “ITSR”).",ITSR,YES,NO,33,"January 14, 2009, to July 19, 2010",7/29/2015,Iran,NO,NO,NO, Web development services,205650,NO
Obama,2015,Great Plains Stainless Co. ,Steel,U.S.,U.S.,"$214,000"," Executive Order 13382 of June 28, 2005 ""Blocking Property of Weapons of Mass Destruction Proliferators and Their Supporters"" (E. 0. 13382) and the Weapons of Mass Destruction Proliferators Sanctions Regulations, 31 C.F.R. part 544 (WMDPSR)","EO13382, WMDPSR, ",NO,NO,1?,"April 9, 2009 to on or about July 4, 2009",7/24/2015,"China, UAE",NO,NO,NO,Goods,-,NO
Obama,2015,John Bean Technologies Corporation (JBT),Food ,U.S.,U.S.,"$391,950"," Executive Order 13382 of June 28, 2005, “Blocking Property of Weapons of Mass Destruction Proliferators and Their Supporters” (E.O. 13382) and the Weapons of Mass Destruction Proliferators Sanctions Regulations, 31 C.F.R. part 544","EO13382, WMDPSR, ",NO,NO,-,April 2009 to July 2009,6/19/2015,"Iran, Spain, China",YES,NO,NO,Goods and shipping,-,NO
Obama,2015,National Bank of Pakistan,Financial,U.S.,U.S.,"$28,800","§ 594.201 of the Global Terrorism Sanctions Regulations, 31 C.F.R. part 594 (the GTSR)",GTSR,NO,NO,7," June 6, 2013 to January 31, 2014",6/18/2015,"Pakistan, Kyrgyzstan",Kyrgyz Trans Avia,YES,NO,Financial transaction,55952,NO
Obama,2015,"First Data Resources, LLC",Financial,U.S.,U.S.,"$23,336",Foreign Narcotics Kingpin Sanctions Regulations (FNKSR),FNKSR,YES,NO,multiple,"February 23, 2011 and June 7, 2011",4/15/2015,-,YES,NO,NO,third party data processing services,69144,NO
Obama,2015,"PayPal, Inc.",Financial,U.S.,U.S.,"$7,658,300","Weapons of Mass Destruction Proliferators Sanctions Regulations, 31 C.F.R. part 544 (WMDPSR); the Iranian Transactions and Sanctions Regulations, 31 C.F.R. part 560 (ITSR); the Cuban Assets Control Regulations, 31 C.F.R. part 515 (CACR); the Global Terrorism Sanctions Regulations, 31 C.F.R. part 594 (GTSR); and the Sudanese Sanctions Regulations, 31 C.F.R. part 538 (SSR)","WMDPSR, ITSR, CACR, GTSR, SSR",NO,YES & NO,486,September 2009 to December 2013,3/25/2015,"Iran, Cuba, Sudan",Kursad Zafer Cire,NO,NO,Financial transaction,43934,NO
Obama,2015,Life For Relief and Development,Charity,U.S.,U.S.,"$780,000","Iraqi Sanctions Regulations, 31 C.F.R. part 575",Iraq,NO,YES,3,"September 9, 2002, to March 19, 2003",3/25/2015,"Iraq, Jordan",NO,NO,NO,Transfer of funds,236000,NO
Obama,2015,Commerzbank AG,Financial,Germany,Foreign,"$258,660,796","Iranian Transactions and Sanctions Regulations, 31 C.F.R. part 560 (ITSR); the Sudanese Sanctions Regulations, 31 C.F.R. part 538 (SSR); Executive Order 13382 of June 28, 2005, “Blocking Property of Weapons of Mass Destruction Proliferators and Their Supporters” (E.O. 13382) and the Weapons of Mass Destruction Proliferators Sanctions Regulations, 31 C.F.R. part 544 (WMDPSR); the Burmese Sanctions Regulations, 31 C.F.R. part 537 (BSR); and the Cuban Assets Control Regulations, 31 C.F.R. part 515 (CACR)","ITSR, EO13382, WMDPSR, CACR, Burma",NO,YES,"1,596",2002-2010,3/12/2015,"Iran, Suda, Cuba",YES,NO,NO,Financial transaction,147284096,NO
Obama,2014,ESCO Corporation,"Industrial, Mining",U.S.,U.S.,"$2,057,540","Cuban Assets Control Regulations, 31 C.F.R. part 515 (the CACR)",CACR,YES,NO,2?," November 7, 2007 and June 11, 2011",11/13/2014,Cuba,YES,YES,NO,nickel briquettes,6188149,NO
Obama,2014,"Indam International, Inc",Petrochemical,U.S.,U.S.,"$44,850","Iranian Transactions and Sanctions Regulations, 31 C.F.R. part 560",ITSR,NO,NO,9,"July 4, 2006, to October 23, 2008",10/31/2014,"Iran, UAE",NO,NO,NO,Goods for oil rigs,27846,NO
Obama,2014,"Bupa Insurance Company (BIC), Bupa Worldwide Corporation (BWW), and USA Medical Services Corporation",Medical Devices,U.S.,U.S.,"$128,704","Narcotics Trafficking Sanctions Regulations, 31 C.F.R. part 536 (the NTSR), the Foreign Narcotics Kingpin Sanctions Regulations, 31 C.F.R. part 598 (the FNKSR), or the Cuban Assets Control Regulations, 31 C.F.R. part 515 (the CACR)","NTSR, FKNSR, CACR",YES,NO,39," Mach 26, 2008, to March 1, 2011",10/29/2014,UK,"Daniel Gonzalez Munoz, Jorge Mario Paredes Cordova",YES,NO, insurance support services for healthcare policies,51275,NO
Obama,2014,"Zulutrade, Inc.",Financial,U.S.,U.S.,"$200,000","Iranian Transactions and Sanctions Regulations (ITSR), 31 C.F.R. part 560; the Sudanese Sanctions Regulations (SSR), 31 C.F.R. part 538; and Executive Order 13582 (E.O. 13582) of August 17, 2011, “Blocking Property of the Government of Syria and Prohibiting Certain Transactions With Respect to Syria.”",,NO,NO,400+,A number of years from 2009,9/9/2014,"Iran, Syria, Sudan",,NO,NO,"financial accouts, services and funds transfers ","eight funds transfers totaling  $10,264",NO
Obama,2014,Citigroup Inc. ,Financial,U.S.,U.S.,"$217,841","Iranian Transactions and Sanctions Regulations, 31 C.F.R. part 560 (ITSR),1 the Weapons of Mass Destruction Proliferators Sanctions Regulations, 31 C.F.R. part 544 (WMDPSR), the Foreign Narcotics Kingpin Sanctions Regulations, 31 C.F.R. part 598 (FNKSR), or the Global Terrorism Sanctions Regulations, 31 C.F.R. part 594 (GTSR)","ITSR, WMDPSR, FNKSR, GTSR",YES,NO,8,"April 2, 2009 to November 16, 2009, and  February 9, 2010, January 12, 2011, March 8, 2011, and October 29, 2012",9/3/2014,"Malaysia, Hong Kong, Iran", Higher Institute of Applied Science and Technology,YES,NO,Financial transactions,771860,NO
Obama,2014,Branch Banking & Trust Co.,Financial,U.S.,U.S.,"$19,125",§ 538.205 of the Sudanese Sanctions Regulations (the “SSR”),SSR,NO,NO,1,40695,8/27/2014,Sudan,YES,NO,NO,Financial transaction,20000,NO
Obama,2014,Branch Banking & Trust Co.,Financial,U.S.,U.S.,"$19,125",§ 538.205 of the Sudanese Sanctions Regulations (the “SSR”),SSR,NO,NO,1,40695,8/27/2014,Sudan,YES,NO,NO,Financial transaction,20000,NO
Obama,2014,Branch Banking & Trust Co.,Financial,U.S.,U.S.,"$19,125",§ 538.205 of the Sudanese Sanctions Regulations (the “SSR”),SSR,NO,NO,1,40695,8/27/2014,Sudan,YES,NO,NO,Financial transaction,20000,NO
Obama,2014,Branch Banking & Trust Co.,Financial,U.S.,U.S.,"$19,125",§ 538.205 of the Sudanese Sanctions Regulations (the “SSR”),SSR,NO,NO,1,40695,8/27/2014,Sudan,YES,NO,NO,Financial transaction,20000,NO
Obama,2014,Epsilon Electronics Inc.,ICT,U.S.,U.S.,"$4,073,000"," Iranian Transactions and Sanctions Regulations (the “ITSR”), 31 C.F.R. part 560",ITSR,NO,YES,39,"August 26, 2008, to May 22, 2012",7/25/2014,"Iran, UAE",NO,YES,NO,car audio and video equipment,3407491,NO
Obama,2014,"Procesadora Campofresco, Inc./ Campo Gardens Inc",Food,U.S.,U.S.,"$27,000","§201 of the Narcotics Trafficking Sanctions Regulations, 31 C.P.R. part 536",NTSR,NO,NO,6,"October 9, 2009 to July 21 , 2010",7/23/2014,"Colombia, Puerto Rico",Frutas Exoticas Colombiana S.A,NO,NO,frozen passion fruit juice/pulp,-,NO
Obama,2014,"Procesadora Campofresco, Inc./ Campo Gardens Inc",Food,U.S.,U.S.,"$27,000","§201 of the Narcotics Trafficking Sanctions Regulations, 31 C.P.R. part 536",NTSR,NO,NO,6,"October 9, 2009 to July 21 , 2010",7/23/2014,"Colombia, Puerto Rico",Frutas Exoticas Colombiana S.A,NO,NO,frozen passion fruit juice/pulp,-,NO
Obama,2014,"Procesadora Campofresco, Inc./ Campo Gardens Inc",Food,U.S.,U.S.,"$27,000","§201 of the Narcotics Trafficking Sanctions Regulations, 31 C.P.R. part 536",NTSR,NO,NO,6,"October 9, 2009 to July 21 , 2010",7/23/2014,"Colombia, Puerto Rico",Frutas Exoticas Colombiana S.A,NO,NO,frozen passion fruit juice/pulp,-,NO
Obama,2014,"Procesadora Campofresco, Inc./ Campo Gardens Inc",Food,U.S.,U.S.,"$27,000","§201 of the Narcotics Trafficking Sanctions Regulations, 31 C.P.R. part 536",NTSR,NO,NO,6,"October 9, 2009 to July 21 , 2010",7/23/2014,"Colombia, Puerto Rico",Frutas Exoticas Colombiana S.A,NO,NO,frozen passion fruit juice/pulp,-,NO
Obama,2014,"Bank of America, N.A",Financial,U.S.,U.S.,"$16,562,700","Foreign Narcotics Kingpin Sanctions Regulations (FNKSR), 31 C.F.R. part 598; the Narcotics Trafficking Sanctions Regulations (NTSR), 31 C.F.R. part 536; and the Reporting, Procedures and Penalties Regulations (RPPR), 31 C.F.R. part 501","FNKSR, RPPR, NTSR",NO,YES/NO,213,"September 10, 2005 to March 31, 2009",7/24/2014,-,YES,NO,NO,"Financial transactions, property transactions",91192,NO
Obama,2014,"Tofasco of America, Inc.",Financial,U.S.,U.S.,"$21,375",Weapons of Mass Destruction Proliferators Sanctions Regulations (the “WMDPSR”),WMDPSR,NO,NO,1,39919,7/17/2014,Iran,Islamic Republic of Iran Shipping Lines,NO,NO,blocked property transaction,-,NO
Obama,2014,BNP Paribas SA,Financial,France,Foreign,"$963,619,900"," Sudanese Sanctions Regulations (the “SSR”), 31 C.F.R. part 538; the Iranian Transactions and Sanctions Regulations (the “ITSR”),1 31 C.F.R. part 560; the Cuban Assets Control Regulations (the “CACR”), 31 C.F.R. part 515; and the Burmese Sanctions Regulations (the “BSR”), 31 C.F.R. part 537","Burma, SSR, ITSR, CACR",NO,YES,"3,897",A number of years up to 2012,6/30/2014,"Iran, Sudan, Cuba, Burma",NO,YES,NO,Financial transactions,10243163721,NO
Obama,2014,"Red Bull North America, Inc",Food,U.S.,U.S.,"$89,775"," Cuban Assets Control Regulations, 31. C.F.R. part 515 (the “CACR”)",CACR,NO,NO,7,"June 8, to June 18, 2009",6/27/2014,Cuba,NO,NO,NO,Travel,-,NO
Obama,2014,Network Hardware Resale LLC,ICT,U.S.,U.S.,"$64,758","Sudanese Sanctions Regulations, 31 C.F.R. part 538 (the “SSR”), and the Iranian Transactions and Sanctions Regulations, 31 C.F.R. part 560 (the “ITSR”)","SSR, ITSR",YES,NO,18,"April 14, 2008, to January 6, 2011",6/25/2014,"Sudan, Cuba",NO,NO,NO,networking equipment and related accessories,-,NO
Obama,2014,Fokker Services B.V.,Aerospace,Netherlands,Foreign,"$50,922,208"," Iranian Transactions and Sanctions Regulations, 31 C.F.R. part 560 (the ""ITSR""), Sudanese Sanctions Regulations, 31 C.F.R. part 538 (the ""SSR""),","SSR, ITSR",YES,YES,"1,153","November 16, 2005, to September 1, 2010",6/5/2014,"Netherlands, Iran, Sudan, ",NO,NO,NO, aircraft spare parts,-,NO
Obama,2014,"American International Group, Inc.",Financial,U.S.,U.S.,"$279,038","Cuban Assets Control Regulations, 31 C.F.R. part 515",CACR,YES,NO,"3,560","January 1, 2006, to March 29, 2009",5/8/2014,"Cuba, Canada",NO,YES,NO,Insurance policies and claims payments,337973,NO
Obama,2014,"Decolar.com, Inc.",Travel,U.S.,U.S.,"$2,809,800"," Cuban Assets Control Regulations. 31 C.F.R. part 515 (the ""CACR"").",CACR,YES,NO,"17,836"," March 2, 2009, to March 31, 2012",5/6/2014,"Cuba, Argentina",NO,YES,NO,flight and hotel reservations,-,NO
Obama,2014,Individual,Medical Devices,U.S.,U.S.,"$29,340","Iranian Transactions and Sanctions Regulations, 31 C.F.R. part 560 (the ""iTSR"")",ITSR,NO,NO,19,"May 21, 2007, to November 12, 2009",5/6/2014,Iran,NO,NO,NO,medical goods,49341,YES
Obama,2014,CWT B.V.,Travel,Netherlands,Foreign,"$5,990,490","Cuban Assets Control Regulations (the “CACR”), 31 C.F.R. part 515",CACR,YES,NO,"44,430","August 8, 2006, to November 28, 2012",4/18/2014,Cuba,NO,NO,NO,Travel services,-,NO
Obama,2014,Sea Tel Inc.,Maritime,U.S.,U.S.,"$85,113", Iranian Transactions and Sanctions Regulations,ITSR,YES,NO,16,"November 20, 2007, to February 26, 2009",4/2/2014,"South Korea, Iran",NO,NO,NO, marine antenna systems,378281,NO
Obama,2014,GAC Bunker Fuels (USA) LLC,Petrochemical,U.S.,U.S.,"$157,500","Iranian Transactions and Sanctions Regulations, 31 C.F.R. part 560 (the “ITSR”)",ITSR,NO,NO,1,39753,3/31/2014,"Iran, Brazil",NO,NO,NO,fuel for an Iranian vessel,513141,NO
Obama,2014,"Ubiquiti Networks, Inc.",ICT,U.S.,U.S.,"$504,225", Iranian Transactions and Sanctions Regulations (the “ITSR”),ITSR,NO,NO,13+," March 24, 2008, to February 2010",3/6/2014,"Iran, UAE, Greece",NO,NO,NO,goods for broadband wireless connectivity,-,NO
Obama,2014,Joint-Stock Commercial Bank “Bank of Moscow”,Financial,Russia,Foreign,"$9,492,525","Executive Order 13382 of June 28, 2005 (“E.O. 13382”), and the Weapons of Mass Destruction Proliferators Sanctions Regulations, 31 C.F.R. part 544","EO13382, WMDPSR, ",NO,NO,69,"January 9, 2008, to July 13, 2009",1/27/2014,"Russia, Iran", Bank Melli Iran ZAO,NO,NO,Financial transactions,41306113,NO
Obama,2014,"Clearstream Banking, S.A.",Financial,Luxembourg,Foreign,"$151,902,000","Iranian Transactions and Sanctions Regulations (“ITSR”), 31 C.F.R. part 560.",ITSR,NO,YES,26, December 2007 to June 2008,1/23/2014,"Iran, Luxembourg",NO,NO,NO,custody and related services,2813000000,NO
Obama,2013,Alma Investment LLC,Financial,UAE,Foreign,"$1,500,000"," Iranian Transactions and Sanctions Regulations, 31 C.F.R. part 560 ",ITSR,NO,YES,6,"September 30, 2009, to February 9, 2010",10/21/2013,"Iran, UAE",NO,NO,NO,Electronic funds transactions,103283,NO
Obama,2013,Alma Investment LLC,Financial,UAE,Foreign,"$1,500,000"," Iranian Transactions and Sanctions Regulations, 31 C.F.R. part 560 ",ITSR,NO,YES,6,"September 30, 2009, to February 9, 2010",10/21/2013,"Iran, UAE",NO,NO,NO,Electronic funds transactions,103283,NO
Obama,2013,Alma Investment LLC,Financial,UAE,Foreign,"$1,500,000"," Iranian Transactions and Sanctions Regulations, 31 C.F.R. part 560 ",ITSR,NO,YES,6,"September 30, 2009, to February 9, 2010",10/21/2013,"Iran, UAE",NO,NO,NO,Electronic funds transactions,103283,NO
Obama,2013,Alma Investment LLC,Financial,UAE,Foreign,"$1,500,000"," Iranian Transactions and Sanctions Regulations, 31 C.F.R. part 560 ",ITSR,NO,YES,6,"September 30, 2009, to February 9, 2010",10/21/2013,"Iran, UAE",NO,NO,NO,Electronic funds transactions,103283,NO
Obama,2013,"Dal-Tech Devices, Inc.",Distribution,U.S.,U.S.,"$10,000",Iranian Transactions Regulations,ITR,NO,YES,1,Not listed ,1/18/2013,Iran,No,NO,YES,"Export of radio frequency
measurement devices",3226,No
Obama,2013,"Dal-Tech Devices, Inc.",Distribution,U.S.,U.S.,"$10,000",Iranian Transactions Regulations,ITR,NO,YES,1,Not listed ,1/18/2013,Iran,No,NO,YES,"Export of radio frequency
measurement devices",3226,No
Obama,2013,"Dal-Tech Devices, Inc.",Distribution,U.S.,U.S.,"$10,000",Iranian Transactions Regulations,ITR,NO,YES,1,Not listed ,1/18/2013,Iran,No,NO,YES,"Export of radio frequency
measurement devices",3226,No
Obama,2013,"Dal-Tech Devices, Inc.",Distribution,U.S.,U.S.,"$10,000",Iranian Transactions Regulations,ITR,NO,YES,1,Not listed ,1/18/2013,Iran,No,NO,YES,"Export of radio frequency
measurement devices",3226,No
Obama,2013,Tung Tai Group,Industrial,U.S.,U.S.,"$43,875","Cuban Assets Control Regulations, 31 C.F.R. part 515 (the “CACR”)",CACR,NO,NO,1,40398,2/22/2013,Cuba,No,NO,No,Scrap metal,,
Obama,2013,Tung Tai Group,Industrial,U.S.,U.S.,"$43,875","Cuban Assets Control Regulations, 31 C.F.R. part 515 (the “CACR”)",CACR,NO,NO,1,40398,2/22/2013,Cuba,No,NO,No,Scrap metal,,
Obama,2013,Tung Tai Group,Industrial,U.S.,U.S.,"$43,875","Cuban Assets Control Regulations, 31 C.F.R. part 515 (the “CACR”)",CACR,NO,NO,1,40398,2/22/2013,Cuba,No,NO,No,Scrap metal,,
Obama,2013,Tung Tai Group,Industrial,U.S.,U.S.,"$43,875","Cuban Assets Control Regulations, 31 C.F.R. part 515 (the “CACR”)",CACR,NO,NO,1,40398,2/22/2013,Cuba,No,NO,No,Scrap metal,,
Obama,2013,Compass Bank,Financial,U.S.,U.S.,"$19,125"," §§ 538.205 and 538.206 of the Sudanese Sanctions Regulations (“SSR”), 31 C.F.R. part 538",SSR,NO,NO,1,40584,12/3/2013,"UK, Sudan",NO,NO,NO,wire transfer,14898,NO
Obama,2013,Compass Bank,Financial,U.S.,U.S.,"$19,125"," §§ 538.205 and 538.206 of the Sudanese Sanctions Regulations (“SSR”), 31 C.F.R. part 538",SSR,NO,NO,1,40584,12/3/2013,"UK, Sudan",NO,NO,NO,wire transfer,14898,NO
Obama,2013,Compass Bank,Financial,U.S.,U.S.,"$19,125"," §§ 538.205 and 538.206 of the Sudanese Sanctions Regulations (“SSR”), 31 C.F.R. part 538",SSR,NO,NO,1,40584,12/3/2013,"UK, Sudan",NO,NO,NO,wire transfer,14898,NO
Obama,2013,Compass Bank,Financial,U.S.,U.S.,"$19,125"," §§ 538.205 and 538.206 of the Sudanese Sanctions Regulations (“SSR”), 31 C.F.R. part 538",SSR,NO,NO,1,40584,12/3/2013,"UK, Sudan",NO,NO,NO,wire transfer,14898,NO
Obama,2013,Bank of Guam,Financial,U.S.,U.S.,"$27,000",Iranian Transactions Regulations,ITR,NO,NO,2,"May 18, 2010; June 4, 2010",2/22/2013,Iran,No,No,No,Wire transfer ,2265,No
Obama,2013,Bank of Guam,Financial,U.S.,U.S.,"$27,000",Iranian Transactions Regulations,ITR,NO,NO,2,"May 18, 2010; June 4, 2010",2/22/2013,Iran,No,No,No,Wire transfer ,2265,No
Obama,2013,Bank of Guam,Financial,U.S.,U.S.,"$27,000",Iranian Transactions Regulations,ITR,NO,NO,2,"May 18, 2010; June 4, 2010",2/22/2013,Iran,No,No,No,Wire transfer ,2265,No
Obama,2013,Bank of Guam,Financial,U.S.,U.S.,"$27,000",Iranian Transactions Regulations,ITR,NO,NO,2,"May 18, 2010; June 4, 2010",2/22/2013,Iran,No,No,No,Wire transfer ,2265,No
Obama,2013,"HSBC Bank USA, N.A.",Financial,U.S.,U.S.,"$32,400","Global Terrorism Sanctions Regulations, 31 C.F.R. part 594",GTSR,YES,NO,3,"December 23, 2010, to December 30, 2010, and January 7, 2011, to April 7, 2011 ",12/17/2013,Gambia,Husayn Tajideen,NO,NO,Financial transactions,40166,NO
Obama,2013,Royal Bank of Scotland plc,Financial,United Kingdom,Foreign,"$33,122,307","the Cuban Assets Control Regulations (“CACR”), 31 C.F.R. part 515; the Burmese Sanctions Regulations (“BSR”), 31 C.F.R. part 537, Executive Order 13448 of October 18, 2007 (“E.O. 13448”), and/or the Tom Lantos Block Burmese JADE (Junta’s Anti-Democratic Efforts) Act of 2008 (Pub. L. 110-286) (“JADE Act”); the Sudanese Sanctions Regulations (“SSR”), 31 C.F.R. part 538; and the Iranian Transactions Regulations (“ITR”), 31 C.F.R. part 560. ","CACR, Burma, EO13448, JADE, SSR, ITSR",YES,YES,434,July 2005 to November 2009,12/11/2013,"Cuba, Burma, Sudan, Iran, UK",NO,NO,NO,wire transfers,33930877,NO
Obama,2013,Weatherford International Ltd.,Petrochemical,U.S.,U.S.,"$91,026,450","Cuban Assets Control Regulations (“CACR”), 31 C.F.R. part 515; the Iranian Transactions and Sanctions Regulations (“ITSR”),1 31 C.F.R. part 560; and the Sudanese Sanctions Regulations (“SSR”), 31 C.F.R. part 538,","CACR, ITSR, CACR",NO,YES,586,2003 to 2008,11/26/2013,"UK, Iran, Cuba, Sudan",NO,YES,YES,"Oil field equipment, technology transfers, transactions",92565694,NO
Obama,2013,KMT Group AB,Petrochemical,Sweden,Foreign,"$125,000","Iranian Transactions and Sanctions Regulations (the “ITSR”).
",ITSR,NO,NO,9,"February 24, 2009, and March 6, 2009",10/25/2013,"Germany, Sweden, Iran",NO,YES,NO,high pressure water jet pumps,-,NO
Obama,2013,Ameron International Corporation,Machinery,U.S.,U.S.,"$434,700"," Iranian Transactions and Sanctions Regulations, 31 C.F.R. part 560 (the “ITSR”), and the Cuban Assets Control Regulations, 31 C.F.R. part 515 (the “CACR”)","ITSR, CACR",NO,NO,7,"March 14, 2005, to October 5, 2006.",10/24/2013,"Netherlands, Singapore, Iran, Cuba, Colombia",NO,YES,NO,Business transactions,,NO
Obama,2013,Finans Kiymetli Madenler Turizm Otomotiv Gida Tekstil San. Ve Tic,Financial,Turkey,Foreign,"$750,000","Iranian Transactions and Sanctions Regulations, 31 C.F.R. part 560",ITSR,NO,YES,3,"February 21, 2012, to May 29, 2012",9/26/2013,"Iran, Turkey",NO,NO,NO,Electronic funds transactions,257808,NO
Obama,2013,World Fuel Services Corporation,Petrochemical,U.S.,U.S.,"$39,501","Iranian Transactions Regulations (“ITR”),1 the Sudanese Sanctions Regulations (“SSR”), and the Cuban Assets Control Regulations (“CACR”)","ITSR, SSR, CACR",YES,NO,32,"June 23, 2008, January 29, 2009, and from March 18, 2007 to April 13, 2009 ",9/9/2013,"Iran, Sudan, Cuba",NO,YES,NO,"Fuel, services, flights",79219,NO
Obama,2013,Communications and Power Industries LLC,Medical Devices,U.S.,U.S.,"$346,530","Iranian Transactions and Sanctions Regulations, 31 C.F.R. part 560",ITSR,YES,NO,35," March 31, 2006, to October 22, 2010",9/6/2013,"Iran, Switzerland, Canada",NO,YES,NO, x-ray generators and a medical digital imaging workstation,-,YES
Obama,2013,Deutsche Bank Trust Company Americas,Financial,U.S.,U.S.,"$18,900","Executive Order 13382 of June 28, 2005, “Blocking Property of Weapons of Mass Destruction Proliferators and Their Supporters” ","EO13382, WMDPSR, ",NO,NO,2,"March 11, 2009, and October 24, 2008 ",9/5/2013,"Germany, Nigeria, Iran", Export Development Bank of Iran,NO,NO,Financial transactions,13177,NO
Obama,2013,Deutsche Bank Trust Company Americas,Financial,U.S.,U.S.,"$18,900","Executive Order 13382 of June 28, 2005, “Blocking Property of Weapons of Mass Destruction Proliferators and Their Supporters” ","EO13382, WMDPSR, ",NO,NO,2,"March 11, 2009, and October 24, 2008 ",9/5/2013,"Germany, Nigeria, Iran", Export Development Bank of Iran,NO,NO,Financial transactions,13177,NO
Obama,2013,"American Express Travel Related Services Company, Inc.",Financial,U.S.,U.S.,"$5,226,120"," Cuban Assets Control Regulations, 31
C.F.R. part 515",CACR,YES,NO,"14,487","December 15, 2005, to November 1, 2011",7/22/2013,Cuba,NO,YES,NO,Property dealings and travel,-,NO
Obama,2013,"Stanley Drilling Equipment & Supply, Inc.",Petrochemical,U.S.,U.S.,"$84,240"," Iranian Transactions Regulations, 31 C.F.R. part 560",ITSR,NO,NO,6," June 16, 2008, to October 17, 2008",7/19/2013,"Iran, UAE",NO,NO,NO,Export of goods,93329,NO
Obama,2013,Intesa Sanpaolo S.p.A.,Financial,Italy,Foreign,"$2,949,030","Cuban Assets Control Regulations (“CACR”), 31 C.F.R. part 515; the Sudanese Sanctions Regulations (“SSR”)",CACR,NO,NO,151,"October 29, 2004,
to March 12, 2008",6/28/2013,"Sudan, Iran",NO,NO,NO,financial transactions,7643956,NO
Obama,2013,"Wells Fargo Bank, N.A.",Financial,U.S.,U.S.,"$23,937","Foreign Narcotics Kingpin Sanctions Regulations, 31 C.F.R. part 598",FNKSR,YES,NO,804,"December 12, 2007, to May 6, 2010 ",6/27/2013,-,"Aguirre Sanchez, Carlos Antonio Ruelas Topete",NO,NO,financial transactions,75992,NO
Obama,2013,"ATP Tour, Inc.",Sports,U.S.,U.S.,"$48,600",Iranian Transactions Regulations,ITSR,NO,NO,18,"May 8, 2007, to July 15, 2010",6/12/2013,Iran,NO,NO,NO,Salary payments,-,NO
Obama,2013,"The American Steamship Owners Mutual Protection and Indemnity Association, Inc. ",Nonprofit,U.S.,U.S.,"$348,000"," Cuban Assets Control Regulations (“CACR”), 31 C.F.R. part 515; the Sudanese Sanctions Regulations (“SSR”), 31 C.F.R. part 538; and the Iranian Transactions Regulations (“ITR”), 31 C.F.R. part 560","CACR, SSR, ITR",NO,NO,55,"November 15, 2003, to March 13, 2007 ",5/9/2013,"Cuba, Iran",NO,NO,NO,Insurance claims and payments,1214811,NO
Obama,2013,Toyota Motor Credit Corporation,Automotive,Japan,Foreign,"$23,400"," Foreign Narcotics Kingpin Sanctions Regulations, 31 C.F.R. part 598",FNKSR,NO,NO,26,"Between April 6, 2008, and June 30, 2010",4/25/2013,,Claudia Aguirre Sanchez,NO,NO,Loans,14449,
Obama,2013,SAN Corporation,Health,U.S.,U.S.,"$22,500","Iranian Transactions and Sanctions Regulations, 31 C.F.R. part 560",ITSR,NO,NO,1,39355,4/12/2013,"Iran, Kuwait",NO,NO,NO,Nutritional suplements,-,YES
Obama,2013,SAN Corporation,Health,U.S.,U.S.,"$22,500","Iranian Transactions and Sanctions Regulations, 31 C.F.R. part 560",ITSR,NO,NO,1,39355,4/12/2013,"Iran, Kuwait",NO,NO,NO,Nutritional suplements,-,YES
Obama,2013,SAN Corporation,Health,U.S.,U.S.,"$22,500","Iranian Transactions and Sanctions Regulations, 31 C.F.R. part 560",ITSR,NO,NO,1,39355,4/12/2013,"Iran, Kuwait",NO,NO,NO,Nutritional suplements,-,YES
Obama,2013,SAN Corporation,Health,U.S.,U.S.,"$22,500","Iranian Transactions and Sanctions Regulations, 31 C.F.R. part 560",ITSR,NO,NO,1,39355,4/12/2013,"Iran, Kuwait",NO,NO,NO,Nutritional suplements,-,YES
Obama,2013,Maritech Commercial Inc.,Maritime,U.S.,U.S.,"$20,800",Weapons of Mass Destruction Proliferators Sanctions Regulations,WMDPSR,NO,NO,5,"Between on or about April 20, 2009, and on or about June 14, 2010",3/21/2013,Iran,YES ,NO,No,Fuel inspection services ,9868,No
Obama,2013,"EGL, Inc.",Logistics,U.S.,U.S.,"$139,650",Cuban Assets Control Regulations and the Iranian Transactions and Sanctions Regulations,"CACR, ITSR",YES,NO,290,"Violations of the CACR occurred
from on or about April 19, 2005, to on or about December 15, 2008; Violations of the ITR occurred from on or
about August 15, 2008, to on or about October 27, 2008",3/5/2013,"Cuba, Iran",No,NO,No,Freight forwarding services ,Not listed,No
Obama,2013,"American Optisurgical, Inc",Medical Devices,U.S.,U.S.,"$404,100","Iranian Transactions and Sanctions Regulations and the Reporting, Procedures and Penalties Regulations","ITSR, RPPR",NO,NO,36,"On or about May 17, 2005,
to on or about April 15, 2010; July
30, 2009, and December 10, 2009",2/21/2013,Iran ,No,NO,No,Medical goods and services ,202765,YES
Obama,2013,Offshore Marine Laboratories,Maritime,U.S.,U.S.,"$97,695",Iranian Transactions Regulations and Executive Order 13382,"ITR, E.O. 13822",NO,NO,8,"Between July 11, 2007, and July 17, 2008",2/1/2013,Iran ,No,NO,No,"Shipments of spare parts and supplies
intended for supply to an offshore oil drilling rig located in Iranian waters",No listed ,No
Obama,2013,"Ellman International, Inc.",Medical Devices,U.S.,U.S.,"$191,700",Iranian Transactions Regulations,ITR,NO,NO,2,Early 2005 to and ending in February 2008,1/2/2013,Iran,No,NO,YES,Exported medical equipment; engaged in the services of a physician,317211,YES
Obama,2012,Brasseler USA,Medical Devices,U.S.,U.S.,"$18,900",Iranian Transactions Regulations 31 C.F.R. part 560,ITR,No,No ,3,2006 - 2009 ,10/19/2012,Iran,No,NO,No,Medical supplies ,5241,No
Obama,2012,Brasseler USA,Medical Devices,U.S.,U.S.,"$18,900",Iranian Transactions Regulations 31 C.F.R. part 560,ITR,No,No ,3,2006 - 2009 ,10/19/2012,Iran,No,NO,No,Medical supplies ,5241,No
Obama,2012,Bank of Tokyo-Mitsubishi UFJ,Financial,Japan,Foreign,"$8,571,634","the Burmese Sanctions Regulations (“BSR”), 31 C.F.R part 537; the
Iranian Transactions Regulations (“ITR”), 31 C.F.R. part 560; Executive Order 13382, Blocking
Property of Weapons of Mass Destruction Proliferators and Their Supporters (“E.O. 13382”);
the Sudanese Sanctions Regulations (“SSR”), 31 C.F.R. part 538; and the Cuban Assets Control
Regulations (“CACR”), 31 C.F.R. part 515","BSR, ITR, E.O. 13382, SSR, CACR",YES,YES,At least 97,"April 3, 2006 - March 16, 2007",12/12/2012,"Japan, Sudan, Cuba, Iran, Burma",No,NO,No,Financial transactions ,5898943,No
Obama,2012,HSBC Holdings plc,Financial,UK,Foreign,"$375,000,000"," the Cuban Assets Control Regulations (“CACR”), 31 C.F.R.
part 515; the Burmese Sanctions Regulations (“BSR”), 31 C.F.R. part 537; the Sudanese Sanctions
Regulations (“SSR”), 31 C.F.R. part 538; the now-repealed Libyan Sanctions Regulations
(“LSR”), 31 C.F.R. part 550; and the Iranian Transactions Regulations (“ITR”), 31 C.F.R. part
560","CACR, BSR, SSR, LSR, ITR",No,YES,"2,335","March 2004 - June 15, 2010 ",12/11/2012,"Iran, Cuba, Libya, Sudan, Burma",No,YES,No,Wire transfers ,430078225,No
Obama,2012,Standard Chartered Bank,Financial,UK,Foreign,"$132,000,000","the Burmese Sanctions Regulations (“BSR”), 31 C.F.R. part
537; the Iranian Transactions Regulations (“ITR”), 31 C.F.R. part 560; the now-repealed Libyan
Sanctions Regulations (“LSR”), 31 C.F.R. part 550; the Sudanese Sanctions Regulations
(“SSR”), 31 C.F.R. part 538; and the Foreign Narcotics Kingpin Sanctions Regulations
(“FNKSR”), 31 C.F.R. part 598","BSR, ITR, LSR, SSR, FNKSR",YES,"YES, except for the violations of the FNKSR",919,"January 4, 2001 - April 5, 2011",12/10/2012,"Burma, Libya, Iran, Sudan",No,NO,No,Wire transfers ,133320297,No 
Obama,2012,"Sodga Limited, Inc. ",Food,U.S.,U.S.,"$128,250",Iranian Transactions Regulations ,ITR,No,No ,7,"March 25, 2009 - August 26, 2010",11/15/2012,Iran ,No,NO,No,Transshipment of goods ,Not listed ,No
Obama,2012,"Natoli Engineering Company, Inc.",Industrial,U.S.,U.S.,"$59,920",Foreign Narcotics Kingpin Sanctions Regulations,FNKSR,No,No ,Not listed,November 2008 - January 2010,11/15/2012,Mexico ,YES,NO,No,"""Various products""",Not listed ,No
Obama,2012,"Grand Resources USA, Inc.",Industrial,U.S.,U.S.,"$402,000","Iranian Transactions Regulations, 31 C.F.R. part 560, and the Weapons of Mass
Destruction Proliferators Sanctions Regulations (“WMDPSR”), 31 C.F.R. part 544","ITR, WMDPSR",No,YES / NO,1 in 2005 and several in 2009,2005 and 2009,8/22/2012,Iran ,No,NO,No, graphitized petroleum coke and property sales,Not listed,No
Obama,2012,Great Western Malting Co,Agricultural,U.S.,U.S.,"$1,347,750",Cuban Assets Control Regulations,CACR,No,No,"""Various back-office sales""",August 2006 - March 2009,7/10/2012,Cuba,YES,NO,No,Barley Malt,Not listed,
Obama,2012,"Sandhill Scientific, Inc.",Medical Devices,U.S.,U.S.,"$126,000"," Iranian Transactions Regulations, 31 C.F.R. part 560 ",ITR,No,YES,1,39206,4/25/2012,Iran ,No,NO,No,Medical equipment ,6700,No
Obama,2012,National Bank of Abu Dhabi,Financial,UAE,Foreign,"$855,000","Sudanese Sanctions Regulations, 31 C.F.R. part 538",SSR,No,No,45,"November 11, 2004 - December 27, 2005 ",6/12/2012,Sudan ,No,NO,No,Electronic funds transfers ,4389235.42,No
Obama,2012,ING Bank N.V,Financial,Netherlands,Foreign,"$619,000,000","the Cuban Assets Control Regulations (“CACR”), 31 C.F.R. part 515; the Burmese
Sanctions Regulations (“BSR”), 31 C.F.R. part 537; the Sudanese Sanctions Regulations
(“SSR”), 31 C.F.R. part 538; the now-repealed Libyan Sanctions Regulations (“LSR”), 31 C.F.R.
part 550; and the Iranian Transactions Regulations (“ITR”), 31 C.F.R. part 560","CACR, BSR, SSR, LSR, ITR",YES,YES,"20,542","October 22, 2002 - September 6, 2007",6/12/2012,"Sudan, Burma, Cuba, Iran, Libya, Netherlands, Belgium, France, Curacao",No,NO,No,Wire transfers and trade finance transactions ,1673488542,No
Obama,2012,ING Bank N.V,Financial,Netherlands,Foreign,"$619,000,000","the Cuban Assets Control Regulations (“CACR”), 31 C.F.R. part 515; the Burmese
Sanctions Regulations (“BSR”), 31 C.F.R. part 537; the Sudanese Sanctions Regulations
(“SSR”), 31 C.F.R. part 538; the now-repealed Libyan Sanctions Regulations (“LSR”), 31 C.F.R.
part 550; and the Iranian Transactions Regulations (“ITR”), 31 C.F.R. part 560","CACR, BSR, SSR, LSR, ITR",YES,YES,"20,542","October 22, 2002 - September 6, 2007",6/12/2012,"Sudan, Burma, Cuba, Iran, Libya, Netherlands, Belgium, France, Curacao",No,NO,No,Wire transfers and trade finance transactions ,1673488542,No
Obama,2012,"Genesis Asset Managers, LLP",Financial,U.S.,U.S.,"$112,500"," Iranian Transactions Regulations (“ITR”),
31 C.F.R. part 560 ",ITR,YES,No ,1,39295,5/21/2012,Iran ,No,NO,No,Bought shares in the First Persian Equity Fund (FPEF) which invests exclusively in Iranian securities ,3000000,No 
Obama,2012,"Genesis Asset Managers, LLP",Financial,U.S.,U.S.,"$112,500"," Iranian Transactions Regulations (“ITR”),
31 C.F.R. part 560 ",ITR,YES,No ,1,39295,5/21/2012,Iran ,No,NO,No,Bought shares in the First Persian Equity Fund (FPEF) which invests exclusively in Iranian securities ,3000000,No 
Obama,2012,Essie Cosmetics Ltd.,Cosmetics,U.S.,U.S.,"$450,000",Iranian Transactions Regulations (the “ITR”),ITR,NO,YES,1,"September 17, 2009, December 8, 2009, February 23, 2010",4/10/2012,Iran,No,NO,No,Unlicensed exports of nail care products,Not listed,No
Obama,2012,"Online Micro, LLC",ICT,U.S.,U.S.,"$1,054,388","Iranian Transactions Regulations, 31 C.F.R. part 560 (the “ITR”),",ITR,NO,YES,1,2009-2010,2/24/2012,"Dubai, Iran, United Arab Emirates",No,NO,No,Unlicensed exports of computer related goods,Not listed,No
Obama,2012,"Richland Trace Homeowners Association, Inc.",Financial,U.S.,U.S.,"$9,000","Former Liberian Regime of Charles Taylor Sanctions Regulations, 31 C.F.R. part 593 (the ""Regulations"")",FLRCTSR,NO,NO,1,39847,2/21/2012,Liberia,No,NO,No,Reimbursing itself for past assessments and late fees,9500,No
Obama,2012,"Teledyne Technologies, Inc.",Industrial,U.S.,U.S.,"$30,385","Sudanese Sanctions Regulations, 31 C.F.R. part 538,",SSR,YES,NO,2,"March 9, 2007 and November 30, 2007",2/7/2012,Sudan,No,YES,No,Exported Acoustic Doppler Current Profilers (“ADCP”) to Sudan,122766,No
Obama,2011,Metropolitan Life Insurance Company,Insurance,U.S.,U.S.,"$22,500","Cuban Assets Control Regulations, 31 C.F.R. part 515",CACR,NO,NO,1,38869,4/7/2011,"USA, Cuba",NO,NO,NO,death benefit insurance payment,30162,NO
Obama,2011,Metropolitan Life Insurance Company,Insurance,U.S.,U.S.,"$22,500","Cuban Assets Control Regulations, 31 C.F.R. part 515",CACR,NO,NO,1,38869,4/7/2011,"USA, Cuba",NO,NO,NO,death benefit insurance payment,30162,NO
Obama,2011,Metropolitan Life Insurance Company,Insurance,U.S.,U.S.,"$22,500","Cuban Assets Control Regulations, 31 C.F.R. part 515",CACR,NO,NO,1,38869,4/7/2011,"USA, Cuba",NO,NO,NO,death benefit insurance payment,30162,NO
Obama,2011,Metropolitan Life Insurance Company,Insurance,U.S.,U.S.,"$22,500","Cuban Assets Control Regulations, 31 C.F.R. part 515",CACR,NO,NO,1,38869,4/7/2011,"USA, Cuba",NO,NO,NO,death benefit insurance payment,30162,NO
Obama,2011,"Individual from Houston, TX",Medical Devices,U.S.,U.S.,"$112,500","Sudanese Sanctions Regulations, 31 C.F.R. part 538",SSR,NO,NO,1,38635,4/26/2011,"USA, Sudan",NO,NO,NO,jute bags,-,NO
Obama,2011,"Individual from Houston, TX",Medical Devices,U.S.,U.S.,"$112,500","Sudanese Sanctions Regulations, 31 C.F.R. part 538",SSR,NO,NO,1,38635,4/26/2011,"USA, Sudan",NO,NO,NO,jute bags,-,NO
Obama,2011,Lanier Marine Liquidators ,Maritime,U.S.,U.S.,"$13,500","Sudanese Sanctions Regulations, 31 C.F.R. part 538",SSR,NO,NO,1,March 2005-March 2006,12/20/2011,"USA, Sudan",NO,NO,NO,a boat and boat parts,30460,NO
Obama,2011,"Commerzbank, AG, New York Branch",Financial,U.S.,U.S.,"$175,500","Cuban Assets Control Regulations, 31 C.F.R. part 515",CACR,NO,NO,1,"September 7, 2005 through about September 30th, 2005 ",11/29/2011,"USA, Cuba",YES,NO,NO,trade documents,884157,NO
Obama,2011,Wilson Tool International,Industrial,U.S.,U.S.,"$15,000","Iranian Transactions Regulations, 31 C.F.R. part 560",ITR,NO,NO,1,,11/8/2011,"USA, Iran",NO,NO,NO,punch press tooling equipment/no OFAC license,10304.33,NO
Obama,2011,"ASF, Inc.",Logistics,U.S.,U.S.,"$5,400"," Iranian Transactions
Regulations, 31 C.F.R. part 560",ITR,NO,NO,1,38839,11/8/2011,"USA, Iran",NO,NO,NO,exportation of goods,-,YES
Obama,2011,"Zurigo Trading, Inc.",Distribution,U.S.,U.S.,"$7,000","Iranian Transactions Regulations, 31 C.F.R. part 560",ITR,NO,NO,1,38961,10/27/2011,"USA, Iran",NO,NO,NO,goods,7168,NO
Obama,2011,Sunrise Technologies and Trading Corporation,Distribution,U.S.,U.S.,"$1,661,672"," Iranian Transactions Regulations, 31 C.F.R.
part 560,  International
Emergency Economic Powers Act (“IEEPA”)","ITR, IEEPA",NO,YES,711,2007-2011,10/14/2011,"USA, Iran",NO,YES,,computer-related goods,-,-
Obama,2011,Flowserve Corporation,Industrial,U.S.,U.S.,"$502,408","Iranian Transactions Regulations, 31 C.F.R. part 560, the Sudanese Sanctions Regulations, 31
C.F.R. part 538, and the Cuban Assets Control Regulations, 31 C.F.R. part 515","ITR, CACR",YES,NO,58,"January 7, 2005 - December 18, 2006",9/30/2011,"USA, Iran, Sudan, Cuba",NO,NO,,"unlicensed pumps, valves, and related component parts and supplies",2148328,YES
Obama,2011,JPMorgan Chase Bank N.A. New York,Financial,U.S.,U.S.,"$8,830,000"," Cuban Assets Control Regulations (“CACR”), 31 C.F.R. part 515; the Weapons of Mass Destruction Proliferators Sanctions Regulations (“WMDPSR”), 31 C.F.R. part 544; Executive Order 13382, “Blocking Property of Weapons of Mass Destruction Proliferators and Their Supporters;” the Global Terrorism Sanctions Regulations (“GTSR”), 31 C.F.R. part 594; the Iranian Transactions Regulations (“ITR”), 31 C.F.R. part 560; the Sudanese Sanctions Regulations (“SSR”), 31 C.F.R. part 538; the Former Liberian Regime of Charles Taylor Sanctions Regulations (“FLRCTSR”), 31 C.F.R. part 593; and the Reporting, Procedures, and Penalties Regulations (“RPPR”), 31 C.F.R. part 501,","CACR, WMDPSR, GTSR, ITR, SSR, FLRCTSR, RPPR",NO,YES,9,"December 15, 2005 - March 1, 2011",9/25/2011,"USA, Cuba, Iran, Sudan, Liberia",YES (Cuba),NO,NO,various cases,various cases,various cases
Obama,2011,Norton Lilly International,Maritime,U.S.,U.S.,"$18,750","Iranian Transactions Regulations, 31 C.F.R. part 560",ITR,NO,NO,1,39022,8/16/2011,"USA, Iran",NO,NO,NO,port violations,14936,NO
Obama,2011,"CMA CGM LLC, Norfolk",Maritime,U.S.,U.S.,"$374,400","Cuban Assets Control Regulations, 31 C.F.R. part 515, the Iranian Transactions Regulations, 31 C.F.R. part 560, and the Sudanese Sanctions Regulations, 31 C.F.R. part 538","CACR, ITR, SSR",NO,NO,1,December 2004 - April 2008,8/16/2011,"USA, Iran, Sudan, Cuba",NO,NO,NO,shipping transaction violations,402265,YES
Obama,2011,"Société Générale, New York",Financial,U.S.,U.S.,"$111,359","Iranian Transactions Regulations, 31 C.F.R. part 560",ITR,YES,NO,1,"December 2006 - May 9 , 2007",8/16/2011,"USA, Iran",NO,NO,NO,cargo shipments and transations,329954,NO
Obama,2011,"Heritage Turbines, Inc",Maritime,U.S.,U.S.,"$4,500","Sudanese Sanctions Regulations, 31 C.F.R. part 538",SSR,NO,NO,1,39407,8/16/2011,"USA, Sudan",NO,NO,NO,two fuel nozzle kits,2000,YES
Obama,2011,General Reinsurance Corporation (“Gen Re”),Insurance,U.S.,U.S.,"$59,130","Iranian Transactions Regulations, 31 C.F.R. part 560",ITR,YES,NO,2,July and August 2005,6/29/2011,"USA, Iran",NO,NO,NO,reinsurance claim payments,309740.65,NO
Obama,2011,"HCC Insurance Holdings, Inc. ",Insurance,U.S.,U.S.,"$38,448"," Iranian Transactions Regulations, 31 C.F.R. part 560 ",ITR,YES,NO,-,April 2005 - April 2006,4/26/2011,"USA, Iran",NO,NO,NO,aircraft insurance policy,113921,NO
Obama,2011,"Robbins Instruments, Inc.",Medical Devices,U.S.,U.S.,"$37,080","Iranian Transactions Regulations, 31 C.F.R. part 560,",ITR,NO,NO,13,October 2005 - November 2009,4/26/2011,"USA, Iran",NO,NO,NO,medical equipment,37029,YES
Obama,2011,"Aegis Electronic Group, Inc.",ICT,U.S.,U.S.,"$20,000","Iranian Transactions Regulations, 31 C.F.R. part 560",ITR,NO,NO,2,August 2008-January 2009,4/7/2011,"USA, Austra, Iran",NO,NO,NO,camera control units,2685,NO
Obama,2011,"McGriff, Seibels & Williams of Texas, Inc.",Insurance,U.S.,U.S.,"$122,408","Iranian Transactions Regulations, 31 C.F.R.
part 560",ITR,YES,NO,6,"May 1, 2004 - April 31, 2005",4/7/2011,"USA, Iran",NO,NO,NO,commercial insurance policies for an oil rig,453364,NO
Obama,2011,Trans Pacific National Bank,Financial,U.S.,U.S.,"$12,500","Iranian Transactions Regulations, 31 C.F.R. part 560",ITR,NO,NO,2,"September 18, 2007 - March 19th, 2008",1/31/2011,"USA, Iran",YES,NO,NO,goods and wire transfers,35600,NO
Obama,2011,"Aon International Energy, Inc. ",Insurance,U.S.,U.S.,"$36,000","Iranian Transactions Regulations, 31 C.F.R. part 560",ITR,NO,NO,2,38626,1/31/2011,"USA, Iran",NO,NO,NO,retrocession insurance premiums,62883,NO
,,,,,,,,,,,,,,,,,,,,
,,,,,,,,,,,,,,,,,,,,
,,,,,,,,,,,,,,,,,,,,
,,,,,,,,,,,,,,,,,,,,
,,,,,,,,,,,,,,,,,,,,
,,,,,,,,,,,,,,,,,,,,
,,,,,,,,,,,,,,,,,,,,
,,,,,,,,,,,,,,,,,,,,
,,,,,,,,,,,,,,,,,,,,
,,,,,,,,,,,,,,,,,,,,
,,,,,,,,,,,,,,,,,,,,
,,,,,,,,,,,,,,,,,,,,
,,,,,,,,,,,,,,,,,,,,
,,,,,,,,,,,,,,,,,,,,
,,,,,,,,,,,,,,,,,,,,
,,,,,,,,,,,,,,,,,,,,
,,,,,,,,,,,,,,,,,,,,
,,,,,,,,,,,,,,,,,,,,
,,,,,,,,,,,,,,,,,,,,
,,,,,,,,,,,,,,,,,,,,
,,,,,,,,,,,,,,,,,,,,
,,,,,,,,,,,,,,,,,,,,
,,,,,,,,,,,,,,,,,,,,
,,,,,,,,,,,,,,,,,,,,
,,,,,,,,,,,,,,,,,,,,
,,,,,,,,,,,,,,,,,,,,
,,,,,,,,,,,,,,,,,,,,
,,,,,,,,,,,,,,,,,,,,
,,,,,,,,,,,,,,,,,,,,
,,,,,,,,,,,,,,,,,,,,
,,,,,,,,,,,,,,,,,,,,
,,,,,,,,,,,,,,,,,,,,
,,,,,,,,,,,,,,,,,,,,
,,,,,,,,,,,,,,,,,,,,
,,,,,,,,,,,,,,,,,,,,
,,,,,,,,,,,,,,,,,,,,
,,,,,,,,,,,,,,,,,,,,
,,,,,,,,,,,,,,,,,,,,
,,,,,,,,,,,,,,,,,,,,
,,,,,,,,,,,,,,,,,,,,
,,,,,,,,,,,,,,,,,,,,
,,,,,,,,,,,,,,,,,,,,
,,,,,,,,,,,,,,,,,,,,
,,,,,,,,,,,,,,,,,,,,
,,,,,,,,,,,,,,,,,,,,
,,,,,,,,,,,,,,,,,,,,
,,,,,,,,,,,,,,,,,,,,
,,,,,,,,,,,,,,,,,,,,
,,,,,,,,,,,,,,,,,,,,
,,,,,,,,,,,,,,,,,,,,
,,,,,,,,,,,,,,,,,,,,
,,,,,,,,,,,,,,,,,,,,
,,,,,,,,,,,,,,,,,,,,
,,,,,,,,,,,,,,,,,,,,
,,,,,,,,,,,,,,,,,,,,
,,,,,,,,,,,,,,,,,,,,
,,,,,,,,,,,,,,,,,,,,
,,,,,,,,,,,,,,,,,,,,
,,,,,,,,,,,,,,,,,,,,
,,,,,,,,,,,,,,,,,,,,
,,,,,,,,,,,,,,,,,,,,
,,,,,,,,,,,,,,,,,,,,
,,,,,,,,,,,,,,,,,,,,
,,,,,,,,,,,,,,,,,,,,
,,,,,,,,,,,,,,,,,,,,
,,,,,,,,,,,,,,,,,,,,
,,,,,,,,,,,,,,,,,,,,
,,,,,,,,,,,,,,,,,,,,
,,,,,,,,,,,,,,,,,,,,
,,,,,,,,,,,,,,,,,,,,
,,,,,,,,,,,,,,,,,,,,
,,,,,,,,,,,,,,,,,,,,
,,,,,,,,,,,,,,,,,,,,
,,,,,,,,,,,,,,,,,,,,
,,,,,,,,,,,,,,,,,,,,
,,,,,,,,,,,,,,,,,,,,
,,,,,,,,,,,,,,,,,,,,
,,,,,,,,,,,,,,,,,,,,
,,,,,,,,,,,,,,,,,,,,
,,,,,,,,,,,,,,,,,,,,
,,,,,,,,,,,,,,,,,,,,
,,,,,,,,,,,,,,,,,,,,
,,,,,,,,,,,,,,,,,,,,
,,,,,,,,,,,,,,,,,,,,
,,,,,,,,,,,,,,,,,,,,
,,,,,,,,,,,,,,,,,,,,
,,,,,,,,,,,,,,,,,,,,
,,,,,,,,,,,,,,,,,,,,
,,,,,,,,,,,,,,,,,,,,
,,,,,,,,,,,,,,,,,,,,
,,,,,,,,,,,,,,,,,,,,
,,,,,,,,,,,,,,,,,,,,
,,,,,,,,,,,,,,,,,,,,
,,,,,,,,,,,,,,,,,,,,
,,,,,,,,,,,,,,,,,,,,
,,,,,,,,,,,,,,,,,,,,
,,,,,,,,,,,,,,,,,,,,
,,,,,,,,,,,,,,,,,,,,
,,,,,,,,,,,,,,,,,,,,
,,,,,,,,,,,,,,,,,,,,
,,,,,,,,,,,,,,,,,,,,
,,,,,,,,,,,,,,,,,,,,
,,,,,,,,,,,,,,,,,,,,
,,,,,,,,,,,,,,,,,,,,
,,,,,,,,,,,,,,,,,,,,
,,,,,,,,,,,,,,,,,,,,
,,,,,,,,,,,,,,,,,,,,
,,,,,,,,,,,,,,,,,,,,
,,,,,,,,,,,,,,,,,,,,
,,,,,,,,,,,,,,,,,,,,
,,,,,,,,,,,,,,,,,,,,
,,,,,,,,,,,,,,,,,,,,
,,,,,,,,,,,,,,,,,,,,
,,,,,,,,,,,,,,,,,,,,
,,,,,,,,,,,,,,,,,,,,
,,,,,,,,,,,,,,,,,,,,
,,,,,,,,,,,,,,,,,,,,
,,,,,,,,,,,,,,,,,,,,
,,,,,,,,,,,,,,,,,,,,
,,,,,,,,,,,,,,,,,,,,
,,,,,,,,,,,,,,,,,,,,
,,,,,,,,,,,,,,,,,,,,
,,,,,,,,,,,,,,,,,,,,
,,,,,,,,,,,,,,,,,,,,
,,,,,,,,,,,,,,,,,,,,
,,,,,,,,,,,,,,,,,,,,
,,,,,,,,,,,,,,,,,,,,
,,,,,,,,,,,,,,,,,,,,
,,,,,,,,,,,,,,,,,,,,
,,,,,,,,,,,,,,,,,,,,
,,,,,,,,,,,,,,,,,,,,
,,,,,,,,,,,,,,,,,,,,
,,,,,,,,,,,,,,,,,,,,
,,,,,,,,,,,,,,,,,,,,
,,,,,,,,,,,,,,,,,,,,
,,,,,,,,,,,,,,,,,,,,
,,,,,,,,,,,,,,,,,,,,
,,,,,,,,,,,,,,,,,,,,
,,,,,,,,,,,,,,,,,,,,
,,,,,,,,,,,,,,,,,,,,
,,,,,,,,,,,,,,,,,,,,
,,,,,,,,,,,,,,,,,,,,
,,,,,,,,,,,,,,,,,,,,
,,,,,,,,,,,,,,,,,,,,
,,,,,,,,,,,,,,,,,,,,
,,,,,,,,,,,,,,,,,,,,
,,,,,,,,,,,,,,,,,,,,
,,,,,,,,,,,,,,,,,,,,
,,,,,,,,,,,,,,,,,,,,
,,,,,,,,,,,,,,,,,,,,
,,,,,,,,,,,,,,,,,,,,
,,,,,,,,,,,,,,,,,,,,
,,,,,,,,,,,,,,,,,,,,
,,,,,,,,,,,,,,,,,,,,
,,,,,,,,,,,,,,,,,,,,
,,,,,,,,,,,,,,,,,,,,
,,,,,,,,,,,,,,,,,,,,
,,,,,,,,,,,,,,,,,,,,
,,,,,,,,,,,,,,,,,,,,
,,,,,,,,,,,,,,,,,,,,
,,,,,,,,,,,,,,,,,,,,
,,,,,,,,,,,,,,,,,,,,
,,,,,,,,,,,,,,,,,,,,
,,,,,,,,,,,,,,,,,,,,
,,,,,,,,,,,,,,,,,,,,
,,,,,,,,,,,,,,,,,,,,
,,,,,,,,,,,,,,,,,,,,
,,,,,,,,,,,,,,,,,,,,
,,,,,,,,,,,,,,,,,,,,
,,,,,,,,,,,,,,,,,,,,
,,,,,,,,,,,,,,,,,,,,
,,,,,,,,,,,,,,,,,,,,
,,,,,,,,,,,,,,,,,,,,
,,,,,,,,,,,,,,,,,,,,
,,,,,,,,,,,,,,,,,,,,
,,,,,,,,,,,,,,,,,,,,
,,,,,,,,,,,,,,,,,,,,
,,,,,,,,,,,,,,,,,,,,
,,,,,,,,,,,,,,,,,,,,
,,,,,,,,,,,,,,,,,,,,
,,,,,,,,,,,,,,,,,,,,
,,,,,,,,,,,,,,,,,,,,
,,,,,,,,,,,,,,,,,,,,
,,,,,,,,,,,,,,,,,,,,
,,,,,,,,,,,,,,,,,,,,
,,,,,,,,,,,,,,,,,,,,
,,,,,,,,,,,,,,,,,,,,
,,,,,,,,,,,,,,,,,,,,
,,,,,,,,,,,,,,,,,,,,
,,,,,,,,,,,,,,,,,,,,
,,,,,,,,,,,,,,,,,,,,
,,,,,,,,,,,,,,,,,,,,
,,,,,,,,,,,,,,,,,,,,
,,,,,,,,,,,,,,,,,,,,
,,,,,,,,,,,,,,,,,,,,
,,,,,,,,,,,,,,,,,,,,
,,,,,,,,,,,,,,,,,,,,
,,,,,,,,,,,,,,,,,,,,
,,,,,,,,,,,,,,,,,,,,
,,,,,,,,,,,,,,,,,,,,
,,,,,,,,,,,,,,,,,,,,
,,,,,,,,,,,,,,,,,,,,
,,,,,,,,,,,,,,,,,,,,
,,,,,,,,,,,,,,,,,,,,
,,,,,,,,,,,,,,,,,,,,
,,,,,,,,,,,,,,,,,,,,
,,,,,,,,,,,,,,,,,,,,
,,,,,,,,,,,,,,,,,,,,
,,,,,,,,,,,,,,,,,,,,
,,,,,,,,,,,,,,,,,,,,
,,,,,,,,,,,,,,,,,,,,
,,,,,,,,,,,,,,,,,,,,
,,,,,,,,,,,,,,,,,,,,
,,,,,,,,,,,,,,,,,,,,
,,,,,,,,,,,,,,,,,,,,
,,,,,,,,,,,,,,,,,,,,
,,,,,,,,,,,,,,,,,,,,
,,,,,,,,,,,,,,,,,,,,
,,,,,,,,,,,,,,,,,,,,
,,,,,,,,,,,,,,,,,,,,
,,,,,,,,,,,,,,,,,,,,
,,,,,,,,,,,,,,,,,,,,
,,,,,,,,,,,,,,,,,,,,
,,,,,,,,,,,,,,,,,,,,
,,,,,,,,,,,,,,,,,,,,
,,,,,,,,,,,,,,,,,,,,
,,,,,,,,,,,,,,,,,,,,
,,,,,,,,,,,,,,,,,,,,
,,,,,,,,,,,,,,,,,,,,
,,,,,,,,,,,,,,,,,,,,
,,,,,,,,,,,,,,,,,,,,
,,,,,,,,,,,,,,,,,,,,
,,,,,,,,,,,,,,,,,,,,
,,,,,,,,,,,,,,,,,,,,
,,,,,,,,,,,,,,,,,,,,
,,,,,,,,,,,,,,,,,,,,
,,,,,,,,,,,,,,,,,,,,
,,,,,,,,,,,,,,,,,,,,
,,,,,,,,,,,,,,,,,,,,
,,,,,,,,,,,,,,,,,,,,
,,,,,,,,,,,,,,,,,,,,
,,,,,,,,,,,,,,,,,,,,
,,,,,,,,,,,,,,,,,,,,
,,,,,,,,,,,,,,,,,,,,
,,,,,,,,,,,,,,,,,,,,
,,,,,,,,,,,,,,,,,,,,
,,,,,,,,,,,,,,,,,,,,
,,,,,,,,,,,,,,,,,,,,
,,,,,,,,,,,,,,,,,,,,
,,,,,,,,,,,,,,,,,,,,
,,,,,,,,,,,,,,,,,,,,
,,,,,,,,,,,,,,,,,,,,
,,,,,,,,,,,,,,,,,,,,
,,,,,,,,,,,,,,,,,,,,
,,,,,,,,,,,,,,,,,,,,
,,,,,,,,,,,,,,,,,,,,
,,,,,,,,,,,,,,,,,,,,
,,,,,,,,,,,,,,,,,,,,
,,,,,,,,,,,,,,,,,,,,
,,,,,,,,,,,,,,,,,,,,
,,,,,,,,,,,,,,,,,,,,
,,,,,,,,,,,,,,,,,,,,
,,,,,,,,,,,,,,,,,,,,
,,,,,,,,,,,,,,,,,,,,
,,,,,,,,,,,,,,,,,,,,
,,,,,,,,,,,,,,,,,,,,
,,,,,,,,,,,,,,,,,,,,
,,,,,,,,,,,,,,,,,,,,
,,,,,,,,,,,,,,,,,,,,
,,,,,,,,,,,,,,,,,,,,
,,,,,,,,,,,,,,,,,,,,
,,,,,,,,,,,,,,,,,,,,
,,,,,,,,,,,,,,,,,,,,
,,,,,,,,,,,,,,,,,,,,
,,,,,,,,,,,,,,,,,,,,
,,,,,,,,,,,,,,,,,,,,
,,,,,,,,,,,,,,,,,,,,
,,,,,,,,,,,,,,,,,,,,
,,,,,,,,,,,,,,,,,,,,
,,,,,,,,,,,,,,,,,,,,
,,,,,,,,,,,,,,,,,,,,
,,,,,,,,,,,,,,,,,,,,
,,,,,,,,,,,,,,,,,,,,
,,,,,,,,,,,,,,,,,,,,
,,,,,,,,,,,,,,,,,,,,
,,,,,,,,,,,,,,,,,,,,
,,,,,,,,,,,,,,,,,,,,
,,,,,,,,,,,,,,,,,,,,
,,,,,,,,,,,,,,,,,,,,
,,,,,,,,,,,,,,,,,,,,
,,,,,,,,,,,,,,,,,,,,
,,,,,,,,,,,,,,,,,,,,
,,,,,,,,,,,,,,,,,,,,
,,,,,,,,,,,,,,,,,,,,
,,,,,,,,,,,,,,,,,,,,
,,,,,,,,,,,,,,,,,,,,
,,,,,,,,,,,,,,,,,,,,
,,,,,,,,,,,,,,,,,,,,
,,,,,,,,,,,,,,,,,,,,
,,,,,,,,,,,,,,,,,,,,
,,,,,,,,,,,,,,,,,,,,
,,,,,,,,,,,,,,,,,,,,
,,,,,,,,,,,,,,,,,,,,
,,,,,,,,,,,,,,,,,,,,
,,,,,,,,,,,,,,,,,,,,
,,,,,,,,,,,,,,,,,,,,
,,,,,,,,,,,,,,,,,,,,
,,,,,,,,,,,,,,,,,,,,
,,,,,,,,,,,,,,,,,,,,
,,,,,,,,,,,,,,,,,,,,
,,,,,,,,,,,,,,,,,,,,
,,,,,,,,,,,,,,,,,,,,
,,,,,,,,,,,,,,,,,,,,
,,,,,,,,,,,,,,,,,,,,
,,,,,,,,,,,,,,,,,,,,
,,,,,,,,,,,,,,,,,,,,
,,,,,,,,,,,,,,,,,,,,
,,,,,,,,,,,,,,,,,,,,
,,,,,,,,,,,,,,,,,,,,
,,,,,,,,,,,,,,,,,,,,
,,,,,,,,,,,,,,,,,,,,
,,,,,,,,,,,,,,,,,,,,
,,,,,,,,,,,,,,,,,,,,
,,,,,,,,,,,,,,,,,,,,
,,,,,,,,,,,,,,,,,,,,
,,,,,,,,,,,,,,,,,,,,
,,,,,,,,,,,,,,,,,,,,
,,,,,,,,,,,,,,,,,,,,
,,,,,,,,,,,,,,,,,,,,
,,,,,,,,,,,,,,,,,,,,
,,,,,,,,,,,,,,,,,,,,
,,,,,,,,,,,,,,,,,,,,
,,,,,,,,,,,,,,,,,,,,
,,,,,,,,,,,,,,,,,,,,
,,,,,,,,,,,,,,,,,,,,
,,,,,,,,,,,,,,,,,,,,
,,,,,,,,,,,,,,,,,,,,
,,,,,,,,,,,,,,,,,,,,
,,,,,,,,,,,,,,,,,,,,
,,,,,,,,,,,,,,,,,,,,
,,,,,,,,,,,,,,,,,,,,
,,,,,,,,,,,,,,,,,,,,
,,,,,,,,,,,,,,,,,,,,
,,,,,,,,,,,,,,,,,,,,
,,,,,,,,,,,,,,,,,,,,
,,,,,,,,,,,,,,,,,,,,
,,,,,,,,,,,,,,,,,,,,
,,,,,,,,,,,,,,,,,,,,
,,,,,,,,,,,,,,,,,,,,
,,,,,,,,,,,,,,,,,,,,
,,,,,,,,,,,,,,,,,,,,
,,,,,,,,,,,,,,,,,,,,
,,,,,,,,,,,,,,,,,,,,
,,,,,,,,,,,,,,,,,,,,
,,,,,,,,,,,,,,,,,,,,
,,,,,,,,,,,,,,,,,,,,
,,,,,,,,,,,,,,,,,,,,
,,,,,,,,,,,,,,,,,,,,
,,,,,,,,,,,,,,,,,,,,
,,,,,,,,,,,,,,,,,,,,
,,,,,,,,,,,,,,,,,,,,
,,,,,,,,,,,,,,,,,,,,
,,,,,,,,,,,,,,,,,,,,
,,,,,,,,,,,,,,,,,,,,
,,,,,,,,,,,,,,,,,,,,
,,,,,,,,,,,,,,,,,,,,
,,,,,,,,,,,,,,,,,,,,
,,,,,,,,,,,,,,,,,,,,
,,,,,,,,,,,,,,,,,,,,
,,,,,,,,,,,,,,,,,,,,
,,,,,,,,,,,,,,,,,,,,
,,,,,,,,,,,,,,,,,,,,
,,,,,,,,,,,,,,,,,,,,
,,,,,,,,,,,,,,,,,,,,
,,,,,,,,,,,,,,,,,,,,
,,,,,,,,,,,,,,,,,,,,
,,,,,,,,,,,,,,,,,,,,
,,,,,,,,,,,,,,,,,,,,
,,,,,,,,,,,,,,,,,,,,
,,,,,,,,,,,,,,,,,,,,
,,,,,,,,,,,,,,,,,,,,
,,,,,,,,,,,,,,,,,,,,
,,,,,,,,,,,,,,,,,,,,
,,,,,,,,,,,,,,,,,,,,
,,,,,,,,,,,,,,,,,,,,
,,,,,,,,,,,,,,,,,,,,
,,,,,,,,,,,,,,,,,,,,
,,,,,,,,,,,,,,,,,,,,
,,,,,,,,,,,,,,,,,,,,
,,,,,,,,,,,,,,,,,,,,
,,,,,,,,,,,,,,,,,,,,
,,,,,,,,,,,,,,,,,,,,
,,,,,,,,,,,,,,,,,,,,
,,,,,,,,,,,,,,,,,,,,
,,,,,,,,,,,,,,,,,,,,
,,,,,,,,,,,,,,,,,,,,
,,,,,,,,,,,,,,,,,,,,
,,,,,,,,,,,,,,,,,,,,
,,,,,,,,,,,,,,,,,,,,
,,,,,,,,,,,,,,,,,,,,
,,,,,,,,,,,,,,,,,,,,
,,,,,,,,,,,,,,,,,,,,
,,,,,,,,,,,,,,,,,,,,
,,,,,,,,,,,,,,,,,,,,
,,,,,,,,,,,,,,,,,,,,
,,,,,,,,,,,,,,,,,,,,
,,,,,,,,,,,,,,,,,,,,
,,,,,,,,,,,,,,,,,,,,
,,,,,,,,,,,,,,,,,,,,
,,,,,,,,,,,,,,,,,,,,
,,,,,,,,,,,,,,,,,,,,
,,,,,,,,,,,,,,,,,,,,
,,,,,,,,,,,,,,,,,,,,
,,,,,,,,,,,,,,,,,,,,
,,,,,,,,,,,,,,,,,,,,
,,,,,,,,,,,,,,,,,,,,
,,,,,,,,,,,,,,,,,,,,
,,,,,,,,,,,,,,,,,,,,
,,,,,,,,,,,,,,,,,,,,
,,,,,,,,,,,,,,,,,,,,
,,,,,,,,,,,,,,,,,,,,
,,,,,,,,,,,,,,,,,,,,
,,,,,,,,,,,,,,,,,,,,
,,,,,,,,,,,,,,,,,,,,
,,,,,,,,,,,,,,,,,,,,
,,,,,,,,,,,,,,,,,,,,
,,,,,,,,,,,,,,,,,,,,
,,,,,,,,,,,,,,,,,,,,
,,,,,,,,,,,,,,,,,,,,
,,,,,,,,,,,,,,,,,,,,
,,,,,,,,,,,,,,,,,,,,
,,,,,,,,,,,,,,,,,,,,
,,,,,,,,,,,,,,,,,,,,
,,,,,,,,,,,,,,,,,,,,
,,,,,,,,,,,,,,,,,,,,
,,,,,,,,,,,,,,,,,,,,
,,,,,,,,,,,,,,,,,,,,
,,,,,,,,,,,,,,,,,,,,
,,,,,,,,,,,,,,,,,,,,
,,,,,,,,,,,,,,,,,,,,
,,,,,,,,,,,,,,,,,,,,
,,,,,,,,,,,,,,,,,,,,
,,,,,,,,,,,,,,,,,,,,
,,,,,,,,,,,,,,,,,,,,
,,,,,,,,,,,,,,,,,,,,
,,,,,,,,,,,,,,,,,,,,
,,,,,,,,,,,,,,,,,,,,
,,,,,,,,,,,,,,,,,,,,
,,,,,,,,,,,,,,,,,,,,
,,,,,,,,,,,,,,,,,,,,
,,,,,,,,,,,,,,,,,,,,
,,,,,,,,,,,,,,,,,,,,
,,,,,,,,,,,,,,,,,,,,
,,,,,,,,,,,,,,,,,,,,
,,,,,,,,,,,,,,,,,,,,
,,,,,,,,,,,,,,,,,,,,
,,,,,,,,,,,,,,,,,,,,
,,,,,,,,,,,,,,,,,,,,
,,,,,,,,,,,,,,,,,,,,
,,,,,,,,,,,,,,,,,,,,
,,,,,,,,,,,,,,,,,,,,
,,,,,,,,,,,,,,,,,,,,
,,,,,,,,,,,,,,,,,,,,
,,,,,,,,,,,,,,,,,,,,
,,,,,,,,,,,,,,,,,,,,
,,,,,,,,,,,,,,,,,,,,
,,,,,,,,,,,,,,,,,,,,
,,,,,,,,,,,,,,,,,,,,
,,,,,,,,,,,,,,,,,,,,
,,,,,,,,,,,,,,,,,,,,
,,,,,,,,,,,,,,,,,,,,
,,,,,,,,,,,,,,,,,,,,
,,,,,,,,,,,,,,,,,,,,
,,,,,,,,,,,,,,,,,,,,
,,,,,,,,,,,,,,,,,,,,
,,,,,,,,,,,,,,,,,,,,
,,,,,,,,,,,,,,,,,,,,
,,,,,,,,,,,,,,,,,,,,
,,,,,,,,,,,,,,,,,,,,
,,,,,,,,,,,,,,,,,,,,
,,,,,,,,,,,,,,,,,,,,
,,,,,,,,,,,,,,,,,,,,
,,,,,,,,,,,,,,,,,,,,
,,,,,,,,,,,,,,,,,,,,
,,,,,,,,,,,,,,,,,,,,
,,,,,,,,,,,,,,,,,,,,
,,,,,,,,,,,,,,,,,,,,
,,,,,,,,,,,,,,,,,,,,
,,,,,,,,,,,,,,,,,,,,
,,,,,,,,,,,,,,,,,,,,
,,,,,,,,,,,,,,,,,,,,
,,,,,,,,,,,,,,,,,,,,
,,,,,,,,,,,,,,,,,,,,
,,,,,,,,,,,,,,,,,,,,
,,,,,,,,,,,,,,,,,,,,
,,,,,,,,,,,,,,,,,,,,
,,,,,,,,,,,,,,,,,,,,
,,,,,,,,,,,,,,,,,,,,
,,,,,,,,,,,,,,,,,,,,
,,,,,,,,,,,,,,,,,,,,
,,,,,,,,,,,,,,,,,,,,
,,,,,,,,,,,,,,,,,,,,
,,,,,,,,,,,,,,,,,,,,
,,,,,,,,,,,,,,,,,,,,
,,,,,,,,,,,,,,,,,,,,
,,,,,,,,,,,,,,,,,,,,
,,,,,,,,,,,,,,,,,,,,
,,,,,,,,,,,,,,,,,,,,
,,,,,,,,,,,,,,,,,,,,
,,,,,,,,,,,,,,,,,,,,
,,,,,,,,,,,,,,,,,,,,
,,,,,,,,,,,,,,,,,,,,
,,,,,,,,,,,,,,,,,,,,
,,,,,,,,,,,,,,,,,,,,
,,,,,,,,,,,,,,,,,,,,
,,,,,,,,,,,,,,,,,,,,
,,,,,,,,,,,,,,,,,,,,
,,,,,,,,,,,,,,,,,,,,
,,,,,,,,,,,,,,,,,,,,
,,,,,,,,,,,,,,,,,,,,
,,,,,,,,,,,,,,,,,,,,
,,,,,,,,,,,,,,,,,,,,
,,,,,,,,,,,,,,,,,,,,
,,,,,,,,,,,,,,,,,,,,
,,,,,,,,,,,,,,,,,,,,
,,,,,,,,,,,,,,,,,,,,
,,,,,,,,,,,,,,,,,,,,
,,,,,,,,,,,,,,,,,,,,
,,,,,,,,,,,,,,,,,,,,
,,,,,,,,,,,,,,,,,,,,
,,,,,,,,,,,,,,,,,,,,
,,,,,,,,,,,,,,,,,,,,
,,,,,,,,,,,,,,,,,,,,
,,,,,,,,,,,,,,,,,,,,
,,,,,,,,,,,,,,,,,,,,
,,,,,,,,,,,,,,,,,,,,
,,,,,,,,,,,,,,,,,,,,
,,,,,,,,,,,,,,,,,,,,
,,,,,,,,,,,,,,,,,,,,
,,,,,,,,,,,,,,,,,,,,
,,,,,,,,,,,,,,,,,,,,
,,,,,,,,,,,,,,,,,,,,
,,,,,,,,,,,,,,,,,,,,
,,,,,,,,,,,,,,,,,,,,
,,,,,,,,,,,,,,,,,,,,
,,,,,,,,,,,,,,,,,,,,
,,,,,,,,,,,,,,,,,,,,
,,,,,,,,,,,,,,,,,,,,
,,,,,,,,,,,,,,,,,,,,
,,,,,,,,,,,,,,,,,,,,
,,,,,,,,,,,,,,,,,,,,
,,,,,,,,,,,,,,,,,,,,
,,,,,,,,,,,,,,,,,,,,
,,,,,,,,,,,,,,,,,,,,
,,,,,,,,,,,,,,,,,,,,
,,,,,,,,,,,,,,,,,,,,
,,,,,,,,,,,,,,,,,,,,
,,,,,,,,,,,,,,,,,,,,
,,,,,,,,,,,,,,,,,,,,
,,,,,,,,,,,,,,,,,,,,
,,,,,,,,,,,,,,,,,,,,
,,,,,,,,,,,,,,,,,,,,
,,,,,,,,,,,,,,,,,,,,
,,,,,,,,,,,,,,,,,,,,
,,,,,,,,,,,,,,,,,,,,
,,,,,,,,,,,,,,,,,,,,
,,,,,,,,,,,,,,,,,,,,
,,,,,,,,,,,,,,,,,,,,
,,,,,,,,,,,,,,,,,,,,
,,,,,,,,,,,,,,,,,,,,
,,,,,,,,,,,,,,,,,,,,
,,,,,,,,,,,,,,,,,,,,
,,,,,,,,,,,,,,,,,,,,
,,,,,,,,,,,,,,,,,,,,
,,,,,,,,,,,,,,,,,,,,
,,,,,,,,,,,,,,,,,,,,
,,,,,,,,,,,,,,,,,,,,
,,,,,,,,,,,,,,,,,,,,
,,,,,,,,,,,,,,,,,,,,
,,,,,,,,,,,,,,,,,,,,
,,,,,,,,,,,,,,,,,,,,
,,,,,,,,,,,,,,,,,,,,
,,,,,,,,,,,,,,,,,,,,
,,,,,,,,,,,,,,,,,,,,
,,,,,,,,,,,,,,,,,,,,
,,,,,,,,,,,,,,,,,,,,
,,,,,,,,,,,,,,,,,,,,
,,,,,,,,,,,,,,,,,,,,
,,,,,,,,,,,,,,,,,,,,
,,,,,,,,,,,,,,,,,,,,
,,,,,,,,,,,,,,,,,,,,
,,,,,,,,,,,,,,,,,,,,
,,,,,,,,,,,,,,,,,,,,
,,,,,,,,,,,,,,,,,,,,
,,,,,,,,,,,,,,,,,,,,
,,,,,,,,,,,,,,,,,,,,
,,,,,,,,,,,,,,,,,,,,
,,,,,,,,,,,,,,,,,,,,
,,,,,,,,,,,,,,,,,,,,
,,,,,,,,,,,,,,,,,,,,
,,,,,,,,,,,,,,,,,,,,
,,,,,,,,,,,,,,,,,,,,
,,,,,,,,,,,,,,,,,,,,
,,,,,,,,,,,,,,,,,,,,
,,,,,,,,,,,,,,,,,,,,
,,,,,,,,,,,,,,,,,,,,
,,,,,,,,,,,,,,,,,,,,
,,,,,,,,,,,,,,,,,,,,
,,,,,,,,,,,,,,,,,,,,
,,,,,,,,,,,,,,,,,,,,
,,,,,,,,,,,,,,,,,,,,
,,,,,,,,,,,,,,,,,,,,
,,,,,,,,,,,,,,,,,,,,
,,,,,,,,,,,,,,,,,,,,
,,,,,,,,,,,,,,,,,,,,
,,,,,,,,,,,,,,,,,,,,
,,,,,,,,,,,,,,,,,,,,
,,,,,,,,,,,,,,,,,,,,
,,,,,,,,,,,,,,,,,,,,
,,,,,,,,,,,,,,,,,,,,
,,,,,,,,,,,,,,,,,,,,
,,,,,,,,,,,,,,,,,,,,
,,,,,,,,,,,,,,,,,,,,
,,,,,,,,,,,,,,,,,,,,
,,,,,,,,,,,,,,,,,,,,
,,,,,,,,,,,,,,,,,,,,
,,,,,,,,,,,,,,,,,,,,
,,,,,,,,,,,,,,,,,,,,
,,,,,,,,,,,,,,,,,,,,
,,,,,,,,,,,,,,,,,,,,
,,,,,,,,,,,,,,,,,,,,
,,,,,,,,,,,,,,,,,,,,
,,,,,,,,,,,,,,,,,,,,
,,,,,,,,,,,,,,,,,,,,
,,,,,,,,,,,,,,,,,,,,
,,,,,,,,,,,,,,,,,,,,
,,,,,,,,,,,,,,,,,,,,
,,,,,,,,,,,,,,,,,,,,
,,,,,,,,,,,,,,,,,,,,
,,,,,,,,,,,,,,,,,,,,
,,,,,,,,,,,,,,,,,,,,
,,,,,,,,,,,,,,,,,,,,
,,,,,,,,,,,,,,,,,,,,
,,,,,,,,,,,,,,,,,,,,
,,,,,,,,,,,,,,,,,,,,
,,,,,,,,,,,,,,,,,,,,
,,,,,,,,,,,,,,,,,,,,
,,,,,,,,,,,,,,,,,,,,
,,,,,,,,,,,,,,,,,,,,
,,,,,,,,,,,,,,,,,,,,
,,,,,,,,,,,,,,,,,,,,
,,,,,,,,,,,,,,,,,,,,
,,,,,,,,,,,,,,,,,,,,
,,,,,,,,,,,,,,,,,,,,
,,,,,,,,,,,,,,,,,,,,
,,,,,,,,,,,,,,,,,,,,
,,,,,,,,,,,,,,,,,,,,
,,,,,,,,,,,,,,,,,,,,
,,,,,,,,,,,,,,,,,,,,
,,,,,,,,,,,,,,,,,,,,
,,,,,,,,,,,,,,,,,,,,
,,,,,,,,,,,,,,,,,,,,
,,,,,,,,,,,,,,,,,,,,
,,,,,,,,,,,,,,,,,,,,
,,,,,,,,,,,,,,,,,,,,
,,,,,,,,,,,,,,,,,,,,
,,,,,,,,,,,,,,,,,,,,
,,,,,,,,,,,,,,,,,,,,
,,,,,,,,,,,,,,,,,,,,
,,,,,,,,,,,,,,,,,,,,
,,,,,,,,,,,,,,,,,,,,
,,,,,,,,,,,,,,,,,,,,
,,,,,,,,,,,,,,,,,,,,
,,,,,,,,,,,,,,,,,,,,
,,,,,,,,,,,,,,,,,,,,
,,,,,,,,,,,,,,,,,,,,
,,,,,,,,,,,,,,,,,,,,
,,,,,,,,,,,,,,,,,,,,
,,,,,,,,,,,,,,,,,,,,
,,,,,,,,,,,,,,,,,,,,
,,,,,,,,,,,,,,,,,,,,
,,,,,,,,,,,,,,,,,,,,
,,,,,,,,,,,,,,,,,,,,
,,,,,,,,,,,,,,,,,,,,
,,,,,,,,,,,,,,,,,,,,
,,,,,,,,,,,,,,,,,,,,
,,,,,,,,,,,,,,,,,,,,
,,,,,,,,,,,,,,,,,,,,
,,,,,,,,,,,,,,,,,,,,
,,,,,,,,,,,,,,,,,,,,
,,,,,,,,,,,,,,,,,,,,
,,,,,,,,,,,,,,,,,,,,
,,,,,,,,,,,,,,,,,,,,
,,,,,,,,,,,,,,,,,,,,
,,,,,,,,,,,,,,,,,,,,
,,,,,,,,,,,,,,,,,,,,
,,,,,,,,,,,,,,,,,,,,
,,,,,,,,,,,,,,,,,,,,
,,,,,,,,,,,,,,,,,,,,
,,,,,,,,,,,,,,,,,,,,
,,,,,,,,,,,,,,,,,,,,
,,,,,,,,,,,,,,,,,,,,
,,,,,,,,,,,,,,,,,,,,
,,,,,,,,,,,,,,,,,,,,
,,,,,,,,,,,,,,,,,,,,
,,,,,,,,,,,,,,,,,,,,
,,,,,,,,,,,,,,,,,,,,
,,,,,,,,,,,,,,,,,,,,
,,,,,,,,,,,,,,,,,,,,
,,,,,,,,,,,,,,,,,,,,
,,,,,,,,,,,,,,,,,,,,
,,,,,,,,,,,,,,,,,,,,
,,,,,,,,,,,,,,,,,,,,
,,,,,,,,,,,,,,,,,,,,
,,,,,,,,,,,,,,,,,,,,
,,,,,,,,,,,,,,,,,,,,
,,,,,,,,,,,,,,,,,,,,
,,,,,,,,,,,,,,,,,,,,
,,,,,,,,,,,,,,,,,,,,
,,,,,,,,,,,,,,,,,,,,
,,,,,,,,,,,,,,,,,,,,
,,,,,,,,,,,,,,,,,,,,
,,,,,,,,,,,,,,,,,,,,
,,,,,,,,,,,,,,,,,,,,
,,,,,,,,,,,,,,,,,,,,
,,,,,,,,,,,,,,,,,,,,
,,,,,,,,,,,,,,,,,,,,
,,,,,,,,,,,,,,,,,,,,
,,,,,,,,,,,,,,,,,,,,
,,,,,,,,,,,,,,,,,,,,
,,,,,,,,,,,,,,,,,,,,
,,,,,,,,,,,,,,,,,,,,
,,,,,,,,,,,,,,,,,,,,
,,,,,,,,,,,,,,,,,,,,
,,,,,,,,,,,,,,,,,,,,
,,,,,,,,,,,,,,,,,,,,
,,,,,,,,,,,,,,,,,,,,
,,,,,,,,,,,,,,,,,,,,
,,,,,,,,,,,,,,,,,,,,
,,,,,,,,,,,,,,,,,,,,
,,,,,,,,,,,,,,,,,,,,
,,,,,,,,,,,,,,,,,,,,
,,,,,,,,,,,,,,,,,,,,
,,,,,,,,,,,,,,,,,,,,
,,,,,,,,,,,,,,,,,,,,
,,,,,,,,,,,,,,,,,,,,
,,,,,,,,,,,,,,,,,,,,
,,,,,,,,,,,,,,,,,,,,
,,,,,,,,,,,,,,,,,,,,
,,,,,,,,,,,,,,,,,,,,
,,,,,,,,,,,,,,,,,,,,
,,,,,,,,,,,,,,,,,,,,
,,,,,,,,,,,,,,,,,,,,
,,,,,,,,,,,,,,,,,,,,
,,,,,,,,,,,,,,,,,,,,
,,,,,,,,,,,,,,,,,,,,
,,,,,,,,,,,,,,,,,,,,
,,,,,,,,,,,,,,,,,,,,
,,,,,,,,,,,,,,,,,,,,
,,,,,,,,,,,,,,,,,,,,
,,,,,,,,,,,,,,,,,,,,
,,,,,,,,,,,,,,,,,,,,
,,,,,,,,,,,,,,,,,,,,
,,,,,,,,,,,,,,,,,,,,
,,,,,,,,,,,,,,,,,,,,
,,,,,,,,,,,,,,,,,,,,
,,,,,,,,,,,,,,,,,,,,
,,,,,,,,,,,,,,,,,,,,
,,,,,,,,,,,,,,,,,,,,
,,,,,,,,,,,,,,,,,,,,
,,,,,,,,,,,,,,,,,,,,
,,,,,,,,,,,,,,,,,,,,
,,,,,,,,,,,,,,,,,,,,
,,,,,,,,,,,,,,,,,,,,
,,,,,,,,,,,,,,,,,,,,
,,,,,,,,,,,,,,,,,,,,
,,,,,,,,,,,,,,,,,,,,
,,,,,,,,,,,,,,,,,,,,
,,,,,,,,,,,,,,,,,,,,
,,,,,,,,,,,,,,,,,,,,
,,,,,,,,,,,,,,,,,,,,
,,,,,,,,,,,,,,,,,,,,
,,,,,,,,,,,,,,,,,,,,
,,,,,,,,,,,,,,,,,,,,
,,,,,,,,,,,,,,,,,,,,
,,,,,,,,,,,,,,,,,,,,
,,,,,,,,,,,,,,,,,,,,
,,,,,,,,,,,,,,,,,,,,
,,,,,,,,,,,,,,,,,,,,
,,,,,,,,,,,,,,,,,,,,
,,,,,,,,,,,,,,,,,,,,
,,,,,,,,,,,,,,,,,,,,
,,,,,,,,,,,,,,,,,,,,
,,,,,,,,,,,,,,,,,,,,
,,,,,,,,,,,,,,,,,,,,
,,,,,,,,,,,,,,,,,,,,
,,,,,,,,,,,,,,,,,,,,
,,,,,,,,,,,,,,,,,,,,
,,,,,,,,,,,,,,,,,,,,
,,,,,,,,,,,,,,,,,,,,
,,,,,,,,,,,,,,,,,,,,
,,,,,,,,,,,,,,,,,,,,
,,,,,,,,,,,,,,,,,,,,
,,,,,,,,,,,,,,,,,,,,
,,,,,,,,,,,,,,,,,,,,
,,,,,,,,,,,,,,,,,,,,
,,,,,,,,,,,,,,,,,,,,
,,,,,,,,,,,,,,,,,,,,
,,,,,,,,,,,,,,,,,,,,
,,,,,,,,,,,,,,,,,,,,
,,,,,,,,,,,,,,,,,,,,
,,,,,,,,,,,,,,,,,,,,
,,,,,,,,,,,,,,,,,,,,
,,,,,,,,,,,,,,,,,,,,
,,,,,,,,,,,,,,,,,,,,
,,,,,,,,,,,,,,,,,,,,
,,,,,,,,,,,,,,,,,,,,
,,,,,,,,,,,,,,,,,,,,
,,,,,,,,,,,,,,,,,,,,
,,,,,,,,,,,,,,,,,,,,
,,,,,,,,,,,,,,,,,,,,
,,,,,,,,,,,,,,,,,,,,
,,,,,,,,,,,,,,,,,,,,
,,,,,,,,,,,,,,,,,,,,
,,,,,,,,,,,,,,,,,,,,
,,,,,,,,,,,,,,,,,,,,
,,,,,,,,,,,,,,,,,,,,
,,,,,,,,,,,,,,,,,,,,
,,,,,,,,,,,,,,,,,,,,
,,,,"$257,862",,,,,,,,,,,,,,,,
,,,,-,,,,,,,,,,,,,,,,
